BRANDS SOLD,PRODUCT TYPES/ CATEGORIES,RETAILER TYPE,RETAILER_ID,RETAILER NAME,LOCATION NAME,ADDRESS,LAND MARK,CITY,DISTRICT,STATE/PROVINCE,ZIP/POSTAL CODE,COUNTRY,CONTACT PHONE,STORE SIZE,GEO COORDINATES,TIER LEVEL OF GOODS SOLD,URL,NUMBER OF STORES/BRANCHIES IN THE CHAIN,HQ ADDRESS,HOLDING COMPANY NAME,HOLDING COMPANY ADDRESS,HOLDINGS CONTACT,URL (HOLDING COMAPANY),MANUFACTURER / FACTORY,MANUFACTURER ADDRESS,MANUFACTURER CONTACT
,TV,Consumer Electronics,,RELIANCE DIGITAL,,"Address Line 1
Address Line 2",,City,,,Pincode,,,,,,https://www.reliancedigital.in/locateus,,,,,,,,,
,TV,Consumer Electronics,,RELIANCE DIGITAL,,"8981 119 8 & 120 8ASHOK COSMOS MALLASHOK 
COSMOS MALL SANJAY PLACE CHILLI INT ROAD",,AGRA,,Uttar Pradesh,282002,,,,,,https://www.reliancedigital.in/locateus,,,,,,,,,
,TV,Consumer Electronics,,RELIANCE DIGITAL,,"T P NO 01 FP NO 216ALPHA 
ONE VASTRAPURLAKE",,AHMEDABAD,,Gujarat,380054,,,,,,https://www.reliancedigital.in/locateus,,,,,,,,,
,TV,Consumer Electronics,,RELIANCE DIGITAL,,"10 ACRE MALL NEARRAIPUR GATE NEWCOTTON MILL
 COMPOUND ARYA SAMAJ MANDIR RD MANINAGAR"," 10 ACRE MALL NEARRAIPUR GATE NEWCOTTON MILL
 COMPOUND ARYA SAMAJ MANDIR RD MANINAGAR",AHMEDABAD,,Gujarat,380022,,,,,,https://www.reliancedigital.in/locateus,,,,,,,,,
,TV,Consumer Electronics,,RELIANCE DIGITAL,,"4547 UPPER GRD FLRISCON MEGA MALL 
NEARRAJPATH CLUB S G ROAD"," 4547 UPPER GRD FLRISCON MEGA MALL 
NEARRAJPATH CLUB S G ROAD",AHMEDABAD,,Gujarat,380054,,,,,,https://www.reliancedigital.in/locateus,,,,,,,,,
,TV,Consumer Electronics,,RELIANCE DIGITAL,,"SHOP NO 4 5 6TURQUOISE 
CG",,AHMEDABAD,,Gujarat,380009,,,,,,https://www.reliancedigital.in/locateus,,,,,,,,,
,TV,Consumer Electronics,,RELIANCE DIGITAL,,"GJ SM AHM 064SHOP NO 9 GR 
FLRGULMOHAR PARK MALL SATELLITE ROAD",,AHMEDABAD,,Gujarat,380015,,,,,,https://www.reliancedigital.in/locateus,,,,,,,,,
,TV,Consumer Electronics,,RELIANCE DIGITAL,,"8672 GROUND FLOORPRERNA ARBOUR OPPSAMUDRA
 ANNEXE GIRISH COLDRINK CROSS ROAD OFF C G ROAD"," 8672 GROUND FLOORPRERNA ARBOUR OPPSAMUDRA
 ANNEXE GIRISH COLDRINK CROSS ROAD OFF C G ROAD",AHMEDABAD,,Gujarat,380006,,,,,,https://www.reliancedigital.in/locateus,,,,,,,,,
,TV,Consumer Electronics,,RELIANCE DIGITAL,,"8703 LGF CINE MALLNEAR ANA SAGAR LAKENEAR 
ANA SAGAR LAKEVAISHALI NAGAR ROAD"," 8703 LGF CINE MALLNEAR ANA SAGAR LAKENEAR 
ANA SAGAR LAKEVAISHALI NAGAR ROAD",AJMER,,Rajasthan,305001,,,,,,https://www.reliancedigital.in/locateus,,,,,,,,,
,TV,Consumer Electronics,,RELIANCE DIGITAL,,"PROPERTY NO 47 A 2SARDAR 
PATEL MARGCIVIL STATION",,ALLAHABAD,,Uttar Pradesh,211002,,,,,,https://www.reliancedigital.in/locateus,,,,,,,,,
,TV,Consumer Electronics,,RELIANCE DIGITAL,,"LGF CROSS POINT MALLJAIL CIRCLE 
SHIVCOMPLEX",,ALWAR,,Rajasthan,301001,,,,,,https://www.reliancedigital.in/locateus,,,,,,,,,
,TV,Consumer Electronics,,RELIANCE DIGITAL,,"MINI ANCHOR 1 WING A3RD FLOOR
 TRILLIUMMALL CIRCULAR ROAD",,AMRITSAR,,Punjab,143001,,,,,,https://www.reliancedigital.in/locateus,,,,,,,,,
,TV,Consumer Electronics,,RELIANCE DIGITAL,,"IN FRONT OF RADHAKRUSHNA MANGALKARYALAY 
NR GAJANAN MAHARAJ TEMPLE GARKHEDA",,AURANGABAD,,Maharashtra,431001,,,,,,https://www.reliancedigital.in/locateus,,,,,,,,,
,TV,Consumer Electronics,,RELIANCE DIGITAL,,"4598 NO 18 80FT ROAD
4TH BLOCKKORAMANGALA",,BANGALORE,,,560084,,,,,,https://www.reliancedigital.in/locateus,,,,,,,,,
,TV,Consumer Electronics,,RELIANCE DIGITAL,,"RDRL CENTURY CORBELBANGALORE STORERELIANCEDIGITAL RETAIL LTD CENTURY C
ORBEL PLOT NO 11 SY NO 41 1 AND 42 2 SAHAKARNAGAR MAIN ROAD BYTARAYANPURA VILLAGE YELHANKA HOBLI BANGALORE NORTH TALUKA",,BANGALORE,,,560092,,,,,,https://www.reliancedigital.in/locateus,,,,,,,,,
,TV,Consumer Electronics,,RELIANCE DIGITAL,,"RDRL 127 1 BULLTEMPLE ROAD BBMPWARD 
NO 49 KG NAGAR",,BANGALORE,,,560018,,,,,,https://www.reliancedigital.in/locateus,,,,,,,,,
,TV,Consumer Electronics,,RELIANCE DIGITAL,,"INDIRA NAGARBANGALORE STORE1198 
1199 EMPORIUM SALARPURIA INDIRA NAGAR",,BANGALORE,,,560038,,,,,,https://www.reliancedigital.in/locateus,,,,,,,,,
,TV,Consumer Electronics,,RELIANCE DIGITAL,,"ORION MALL BRIGADEGATEWAY 26 
180 FEET ROAD DR RAJKUMAR ROAD MALLESWARAM",,BANGALORE,,,560055,,,,,,https://www.reliancedigital.in/locateus,,,,,,,,,
,TV,Consumer Electronics,,RELIANCE DIGITAL,,"ND ELITE NO 871 2NDSTAGE BNASAWESHWARNAGAR 
DR MODI HOSPITAL RD WOC RD",,BANGALORE,,,560086,,,,,,https://www.reliancedigital.in/locateus,,,,,,,,,
,TV,Consumer Electronics,,RELIANCE DIGITAL,,"NO 14 PANCHAJANYAPLAZA 3RD PHASE 3RDSTAGE BANASHANKRI 100FT RING RD
 ",,BANGALORE,,,560085,,,,,,https://www.reliancedigital.in/locateus,,,,,,,,,
,TV,Consumer Electronics,,RELIANCE DIGITAL,,"8684 TTMC RAFFICMANAGEMENT 
TRANSITCENTRE VIJAYANAGAR",,BANGALORE,,,560040,,,,,,https://www.reliancedigital.in/locateus,,,,,,,,,
,TV,Consumer Electronics,,RELIANCE DIGITAL,,"8707 RELIANCEDIGITAL PID NO 125446 3 1  MARS ENCLAVE  STUATED AT
 DODDABOMMASANDRA MAIN ROAD  VIDYARANYAPURA SUB ZONE  BYATARANYANPURA BBMP ZONE",,BANGALORE,,,560097,,,,,,https://www.reliancedigital.in/locateus,,,,,,,,,
,TV,Consumer Electronics,,RELIANCE DIGITAL,,"8745 VASAVI ARCADE605 18TH MAIN ROADIDEAL 
HOMES SRI RAJARAJESHWARI NAGAR",,BANGALORE,,,560098,,,,,,https://www.reliancedigital.in/locateus,,,,,,,,,
,TV,Consumer Electronics,,RELIANCE DIGITAL,,"8792 SURVEY NO 90 4ARRROYALEMUNNEKOLALU 
OUTER RING ROAD MARATHAHALLI",,BANGALORE,,,560037,,,,,,https://www.reliancedigital.in/locateus,,,,,,,,,
,TV,Consumer Electronics,,RELIANCE DIGITAL,,"SITE NO 1 2 & 3SY NO 75B
 WINDSORHULIMAVU BANNERGHATTA ROAD",,BANGALORE,,,560076,,,,,,https://www.reliancedigital.in/locateus,,,,,,,,,
,TV,Consumer Electronics,,RELIANCE DIGITAL,,"RDRL NO 17 T HSRLAYOUT 
SEC 3 NR TOVISION EXPRESS",,BANGALORE,,,560102,,,,,,https://www.reliancedigital.in/locateus,,,,,,,,,
,TV,Consumer Electronics,,RELIANCE DIGITAL,,"MUNICIPAL NO 74PRESTIGE FEROZE 1STFLR 
SMAPANGI RAMASWAMY TEMPLE ROAD EARLIER CUNNINGHAM ROAD",,BANGALORE,,,560052,,,,,,https://www.reliancedigital.in/locateus,,,,,,,,,
,TV,Consumer Electronics,,RELIANCE DIGITAL,,"RDRL MANTRI SQUAREMALL 4469 F 26 TI 
311ST FLR SAMPIGE ROAD",,BANGALORE,,,560003,,,,,,https://www.reliancedigital.in/locateus,,,,,,,,,
,TV,Consumer Electronics,,RELIANCE DIGITAL,,"BADAMI HOUSE NO 917
9TH CROSS JP NAGAR2ND PHASE",,BANGALORE,,,560078,,,,,,https://www.reliancedigital.in/locateus,,,,,,,,,
,TV,Consumer Electronics,,RELIANCE DIGITAL,,"10 GF PHOENIX MARKETCITY PLOT NO 106 107
WHITEFILELD ROAD OPP MAHADEVPURA CMC"," 10 GF PHOENIX MARKETCITY PLOT NO 106 107
WHITEFILELD ROAD OPP MAHADEVPURA CMC",BANGALORE,,,560048,,,,,,https://www.reliancedigital.in/locateus,,,,,,,,,
,TV,Consumer Electronics,,RELIANCE DIGITAL,,"RDRL KAMANHALLIBANGALORE STORERELIANCEDIGITAL RETAIL LTD 4034TH C S
1ST BLOCK JALVAYU VIHAR HRBR LAYOUT KALYANNAGAR",,BANGALORE,,,560043,,,,,,https://www.reliancedigital.in/locateus,,,,,,,,,
,TV,Consumer Electronics,,RELIANCE DIGITAL,,"RDRL NO 6 GOPALANSIGNATURE TOWER
OLD MADRAS ROAD CV RAMAN NAGAR",,BANGALORE,,,560038,,,,,,https://www.reliancedigital.in/locateus,,,,,,,,,
,TV,Consumer Electronics,,RELIANCE DIGITAL,,"SHOP NO G 30 31 NO75EPIP AREA NEXT 
TOSATYA SAI HOSPITAL WHITEFIELD",,BANGALORE,,,560066,,,,,,https://www.reliancedigital.in/locateus,,,,,,,,,
,TV,Consumer Electronics,,RELIANCE DIGITAL,,"NO 87 ALMAS 
CENTREMG ROAD",,BANGALORE,,,560001,,,,,,https://www.reliancedigital.in/locateus,,,,,,,,,
,TV,Consumer Electronics,,RELIANCE DIGITAL,,"NO 641 46TH CROSS11TH MAIN
 5TH BLOCKJAYANAGAR",,BANGALORE,,,560011,,,,,,https://www.reliancedigital.in/locateus,,,,,,,,,
,TV,Consumer Electronics,,RELIANCE DIGITAL,,"8705 NO 495 7TH MAINHMT
 LAYOUTGANGANAGAR R T NAGAR",,BANGALORE,,,560032,,,,,,https://www.reliancedigital.in/locateus,,,,,,,,,
,TV,Consumer Electronics,,RELIANCE DIGITAL,,"8715 NO 8 BTM 2NDSTAGE 1ST
 PHASERASHTRAKAVI KUVEMPU NAGAR",,BANGALORE,,,560076,,,,,,https://www.reliancedigital.in/locateus,,,,,,,,,
,TV,Consumer Electronics,,RELIANCE DIGITAL,,"STORE CODE 7514PROPERTY NO 7 CMC NO7 5 5 WHITEFIELD MAIN ROAD WHITEFIELD CMC WARD NO 17
WHITEFIELD",,BANGALORE,,,560066,,,,,,https://www.reliancedigital.in/locateus,,,,,,,,,
,TV,Consumer Electronics,,RELIANCE DIGITAL,,"STORE CODE 7515ANJANAPURA MAIN ROADOPP SOUDHAMINI KALYANA MANTAPA
 KONANAKUNTE"," STORE CODE 7515ANJANAPURA MAIN ROADOPP SOUDHAMINI KALYANA MANTAPA
 KONANAKUNTE",BANGALORE,,,560062,,,,,,https://www.reliancedigital.in/locateus,,,,,,,,,
,TV,Consumer Electronics,,RELIANCE DIGITAL,,"STORE CODE 7522GF MUNICIPAL NO 5BRUHAT BANGALORE MAHANAGARA PALIKE PID NO 54 364 5 SRINIVASNAGAR 1ST PHASE IIIRD STAGE
BANASHANKHARI",,BANGALORE,,,560050,,,,,,https://www.reliancedigital.in/locateus,,,,,,,,,
,TV,Consumer Electronics,,RELIANCE DIGITAL,,"7533 NO 32 100 FTRING ROAD BSK 3RDSTAGE 3RD
PHASE",,BANGALORE,,,560085,,,,,,https://www.reliancedigital.in/locateus,,,,,,,,,
,TV,Consumer Electronics,,RELIANCE DIGITAL,,"7544 NO 7 6TH MAINROAD SRIKANTESHWARANAGAR SHANAKARANAGAR MAIN ROAD
 MAHALAKSHMI LAYOUT",,BANGALORE,,,560096,,,,,,https://www.reliancedigital.in/locateus,,,,,,,,,
,TV,Consumer Electronics,,RELIANCE DIGITAL,,"STORE CODE 8467DX MINI MATHIKEREBEHIND MS RAMAIAH COLLEGE BUS STOP 1ST STAGE
 HMT MAIN ROAD",,BANGALORE,,,560054,,,,,,https://www.reliancedigital.in/locateus,,,,,,,,,
,TV,Consumer Electronics,,RELIANCE DIGITAL,,"UP SM BAR 051 F 4 5S14
 PHOENIX UNITEDMALL",,BAREILLY,,,243002,,,,,,https://www.reliancedigital.in/locateus,,,,,,,,,
,TV,Consumer Electronics,,RELIANCE DIGITAL,,"PROCUBE COMPLEX
OPP TVS SHOWROOMNIZAMPURA"," PROCUBE COMPLEX
OPP TVS SHOWROOMNIZAMPURA",BARODA,,,390002,,,,,,https://www.reliancedigital.in/locateus,,,,,,,,,
,TV,Consumer Electronics,,RELIANCE DIGITAL,,"8726 SHOP NOS  G 0102 &03
 LGF OPP SURYAVIHAR JUNWANI"," 8726 SHOP NOS  G 0102 &03
 LGF OPP SURYAVIHAR JUNWANI",BHILAI,,,490020,,,,,,https://www.reliancedigital.in/locateus,,,,,,,,,
,TV,Consumer Electronics,,RELIANCE DIGITAL,,"RDRL COASTAL CASTLEBHEEMAVARAM STORERELIANCEDIGITAL RETAIL LTD 172 5 UNDLI ROAD BHIMAVARAM BHIMAVARAM 
WEST GODAVARI BHEEMAVARAM",,BHIMAVARAM,,Andhra Pradesh,534201,,,,,,https://www.reliancedigital.in/locateus,,,,,,,,,
,TV,Consumer Electronics,,RELIANCE DIGITAL,,"SHOP NO FF 12 A TOFF 24 CAPITAL MALL
PLOT NO 812 CP 4 RIICO",,BHIWADI,,,301019,,,,,,https://www.reliancedigital.in/locateus,,,,,,,,,
,TV,Consumer Electronics,,RELIANCE DIGITAL,,"RDRL CITY MALLBHOPAL STORE SECONDFLOOR UNIT NO S 36 AND S 37 D B MALL M P NAGAR SANJAY NAGAR JAIL ROAD
UNIT NO S 36 AND S 37 D B MALL M P NAGAR SANJAY NAGAR JAIL ROAD",,BHOPAL,,Madhya Pradesh,462011,,,,,,https://www.reliancedigital.in/locateus,,,,,,,,,
,TV,Consumer Electronics,,RELIANCE DIGITAL,,"8730LAND KHASRA NO162 GF &FF DRISHTIPLAZA
 SARVADHARAM COLONY KOLAR ROAD",,BHOPAL,,Madhya Pradesh,462042,,,,,,https://www.reliancedigital.in/locateus,,,,,,,,,
,TV,Consumer Electronics,,RELIANCE DIGITAL,,"RDRL PLOT NO 14731537
 KHATA NO 444KHARVELA NAGAR",,BHUBANESHWAR,,,751002,,,,,,https://www.reliancedigital.in/locateus,,,,,,,,,
,TV,Consumer Electronics,,RELIANCE DIGITAL,,"RDRL 1ST FLRSHOP NO 21 22 & 23CITY MALL 36 MANGLA CHOWK MUNGELI ROAD MANGLA CHOWK
 MUNGELI ROAD MANGLA CHOWK",,BILASPUR MP,,,495001,,,,,,https://www.reliancedigital.in/locateus,,,,,,,,,
,TV,Consumer Electronics,,RELIANCE DIGITAL,,"2ND FLR GALAXY MALLBURNPUR 
CHITRA MOREPS HIRAPUR DIST",,BURDWAN,,,713325,,,,,,https://www.reliancedigital.in/locateus,,,,,,,,,
,TV,Consumer Electronics,,RELIANCE DIGITAL,,"FF CURZON RESIDENCYGTRD 
OPP CURZON GATE"," FF CURZON RESIDENCYGTRD 
OPP CURZON GATE",BURDWAN,,,713101,,,,,,https://www.reliancedigital.in/locateus,,,,,,,,,
,TV,Consumer Electronics,,RELIANCE DIGITAL,,"17 401 C1 SECOND FLR
FOCUS MALL RAJAJI RDPUTHIYARA",,CALICUT,,,673002,,,,,,https://www.reliancedigital.in/locateus,,,,,,,,,
,TV,Consumer Electronics,,RELIANCE DIGITAL,,"PLOT NO 178 & 178 AIND & BUSINESS
 PARKELANTE MALL PHASE 1",,CHANDIGARH,,,160002,,,,,,https://www.reliancedigital.in/locateus,,,,,,,,,
,TV,Consumer Electronics,,RELIANCE DIGITAL,,"LG 39 MARKET CITYVALACHERY RD
 INDIRAGANDHI NAGAR NR GNG CRICKET",,CHENNAI,,,600042,,,,,,https://www.reliancedigital.in/locateus,,,,,,,,,
,TV,Consumer Electronics,,RELIANCE DIGITAL,,"24 AND2 4A SECONDCROSS STREET 
ORMESROAD KILPAUK",,CHENNAI,,,600010,,,,,,https://www.reliancedigital.in/locateus,,,,,,,,,
,TV,Consumer Electronics,,RELIANCE DIGITAL,,"MEDAVAKKAM MAIN ROADKILKATTALAI VILLAGET
AMBARAM TALUK KANCHIPURAM",,CHENNAI,,,600117,,,,,,https://www.reliancedigital.in/locateus,,,,,,,,,
,TV,Consumer Electronics,,RELIANCE DIGITAL,,"RDRL ASHOK PILLARCHENNAI RELIANCEDIGITAL RETAIL LTD 
DOOR NO 21 21 A FIRST AVENUE PLOT NO A 37 ASHOK NAGAR KODAMBAKKAM VILLAGE",,CHENNAI,,,600083,,,,,,https://www.reliancedigital.in/locateus,,,,,,,,,
,TV,Consumer Electronics,,RELIANCE DIGITAL,,"NO 60 KUPPU ARCADEVENKAT NARYAN ROADT NAGAR 
LAND MARK NEAR INDIAN OIL PETROL BUNK"," NO 60 KUPPU ARCADEVENKAT NARYAN ROADT NAGAR 
LAND MARK NEAR INDIAN OIL PETROL BUNK",CHENNAI,,,600017,,,,,,https://www.reliancedigital.in/locateus,,,,,,,,,
,TV,Consumer Electronics,,RELIANCE DIGITAL,,"NO 34 3RD 
AVENUEANNA NAGAR E",,CHENNAI,,,600040,,,,,,https://www.reliancedigital.in/locateus,,,,,,,,,
,TV,Consumer Electronics,,RELIANCE DIGITAL,,"RDRL THIRUVANMIYUR5379 NO 45 KANNAPANNAGAR 
MUTTUKADU RD EAST COAST RD",,CHENNAI,,,600041,,,,,,https://www.reliancedigital.in/locateus,,,,,,,,,
,TV,Consumer Electronics,,RELIANCE DIGITAL,,"282 GST RD NRCHROMPET 
BUSTERMINAL CHROMPET",,CHENNAI,,,600044,,,,,,https://www.reliancedigital.in/locateus,,,,,,,,,
,TV,Consumer Electronics,,RELIANCE DIGITAL,,"PLOT NO 41 & 42 1STFLR 
M T H RDAMBATTUR OT",,CHENNAI,,,600053,,,,,,https://www.reliancedigital.in/locateus,,,,,,,,,
,TV,Consumer Electronics,,RELIANCE DIGITAL,,"NEW NO 47OLD NO 11 A1 11 A2M
ECO HOUSE ANNA SALAI",,CHENNAI,,,600002,,,,,,https://www.reliancedigital.in/locateus,,,,,,,,,
,TV,Consumer Electronics,,RELIANCE DIGITAL,,"PLOT NO 3 PC 11MOGAPPAIR WESTNR
 MOGAPPAIR WEST BUS DEPOT",,CHENNAI,,,600050,,,,,,https://www.reliancedigital.in/locateus,,,,,,,,,
,TV,Consumer Electronics,,RELIANCE DIGITAL,,"NO 89 DR RADHAKRISHNAN 
SALAIMYLAPORE",,CHENNAI,,,600004,,,,,,https://www.reliancedigital.in/locateus,,,,,,,,,
,TV,Consumer Electronics,,RELIANCE DIGITAL,,"AB 12 IIND 
AVENUEANNA NAGAR",,CHENNAI,,,600040,,,,,,https://www.reliancedigital.in/locateus,,,,,,,,,
,TV,Consumer Electronics,,RELIANCE DIGITAL,,"8680 PLOT NO 52FIRST  MAIN 
ROADGANDHI NAGAR  ADYAR",,CHENNAI,,,600020,,,,,,https://www.reliancedigital.in/locateus,,,,,,,,,
,TV,Consumer Electronics,,RELIANCE DIGITAL,,"8724D XPRESS SHOP NO4 GROUND & FIRST FLRSINDUR ETERNITY
 NEW DOOR NO 60 MONTIETH ROAD EGMORE VILLAGE",,CHENNAI,,,600008,,,,,,https://www.reliancedigital.in/locateus,,,,,,,,,
,TV,Consumer Electronics,,RELIANCE DIGITAL,,"7505 DX MINI NORTHUSMAN RD T NAGAROLD NO 20 NEW NO 39 
NORTH USMAN ROAD T NAGAR",,CHENNAI,,,600017,,,,,,https://www.reliancedigital.in/locateus,,,,,,,,,
,TV,Consumer Electronics,,RELIANCE DIGITAL,,"7506  DX MINI PORURCHENNAI NO 51 7
ARCOT ROAD",,CHENNAI,,,600016,,,,,,https://www.reliancedigital.in/locateus,,,,,,,,,
,TV,Consumer Electronics,,RELIANCE DIGITAL,,"7509 100FT ROAD
VADAPALANI",,CHENNAI,,,600026,,,,,,https://www.reliancedigital.in/locateus,,,,,,,,,
,TV,Consumer Electronics,,RELIANCE DIGITAL,,"7531 OLD NO33 NEARBROADWAY 
THEATERBROADWAY"," 7531 OLD NO33 NEARBROADWAY 
THEATERBROADWAY",CHENNAI,,,600108,,,,,,https://www.reliancedigital.in/locateus,,,,,,,,,
,TV,Consumer Electronics,,RELIANCE DIGITAL,,"7539 SHOP NO 4 25442009 03 08 2009 DOORNO 162 PLOT NO 995E 2ND 
AVENUE ANNA NAGAR",,CHENNAI,,,600040,,,,,,https://www.reliancedigital.in/locateus,,,,,,,,,
,TV,Consumer Electronics,,RELIANCE DIGITAL,,"7540 NO 884A 298 
GSTROAD URAPPAKKAM",,CHENNAI,,,603210,,,,,,https://www.reliancedigital.in/locateus,,,,,,,,,
,TV,Consumer Electronics,,RELIANCE DIGITAL,,"7580 NO 81 1 GROUNDFLOOR 
R K MUTT ROADMANDAVELLI",,CHENNAI,,,600028,,,,,,https://www.reliancedigital.in/locateus,,,,,,,,,
,TV,Consumer Electronics,,RELIANCE DIGITAL,,"8462  GROUND FLOORKAMARAJ BHAVANOLD NO  327   328  NEW NO  571  
POONAMALLEE HIGH ROAD  AMINJIKARAI",,CHENNAI,,,600029,,,,,,https://www.reliancedigital.in/locateus,,,,,,,,,
,TV,Consumer Electronics,,RELIANCE DIGITAL,,"8754 2ND FLR OBERONMALL NH 47
 BYE PASSANCHUMANA EDAPPALY KOCHI",,COCHIN,,,682024,,,,,,https://www.reliancedigital.in/locateus,,,,,,,,,
,TV,Consumer Electronics,,RELIANCE DIGITAL,,"7682 URUMBATH BLDGNO 11 229PUMPJUNCTION 
RAILWAY STATION ROAD ALUVAALUVA",,COCHIN,,,683101,,,,,,https://www.reliancedigital.in/locateus,,,,,,,,,
,TV,Consumer Electronics,,RELIANCE DIGITAL,,"7688 MARIA BLDG NO37 71C1 
S A ROADKADAVANTHRA",,COCHIN,,,680020,,,,,,https://www.reliancedigital.in/locateus,,,,,,,,,
,TV,Consumer Electronics,,RELIANCE DIGITAL,,"7765 HAYATH  BLDGNO VI 104 NEAR ARGOYALAYAM HOSPITAL
BRIDGE ROAD ALUVA ALUVA"," 7765 HAYATH  BLDGNO VI 104 NEAR ARGOYALAYAM HOSPITAL
BRIDGE ROAD ALUVA ALUVA",COCHIN,,,683101,,,,,,https://www.reliancedigital.in/locateus,,,,,,,,,
,TV,Consumer Electronics,,RELIANCE DIGITAL,,"7767 MARIA PLAZABLDG NO III 286NH 47ROAD 
NEAR SOCIAL CHURCHKALAMASSERY"," 7767 MARIA PLAZABLDG NO III 286NH 47ROAD 
NEAR SOCIAL CHURCHKALAMASSERY",COCHIN,,,683104,,,,,,https://www.reliancedigital.in/locateus,,,,,,,,,
,TV,Consumer Electronics,,RELIANCE DIGITAL,,"FUN REPUBLICAVANASHI 
RDPEELAMEDU",,COIMBATORE,,Tamil Nadu,641004,,,,,,https://www.reliancedigital.in/locateus,,,,,,,,,
,TV,Consumer Electronics,,RELIANCE DIGITAL,,"NO 61 71 BROOKEFIELDS PLAZA 
KRISHNASWAMYROAD",,COIMBATORE,,Tamil Nadu,641001,,,,,,https://www.reliancedigital.in/locateus,,,,,,,,,
,TV,Consumer Electronics,,RELIANCE DIGITAL,,"8976 RDRL COLLEGESQUARE UNIT NO 24PLOT
 NO 967 KHATA NO:758 190 THANA NO 3",,CUTTACK,,Odisha,753003,,,,,,https://www.reliancedigital.in/locateus,,,,,,,,,
,TV,Consumer Electronics,,RELIANCE DIGITAL,,"3RD FLR SHOP NO 311OZONE 
GALLERIASARAIDHELLA",,DHANBAD,,Jharkhand,828127,,,,,,https://www.reliancedigital.in/locateus,,,,,,,,,
,TV,Consumer Electronics,,RELIANCE DIGITAL,,"SHOP NO 7 LAXMIANAND VILLA 
PHADKEROAD DOMBIVLI E",,DOMBIVALI,,,421201,,,,,,https://www.reliancedigital.in/locateus,,,,,,,,,
,TV,Consumer Electronics,,RELIANCE DIGITAL,,"FORTUNE PLAZA 1STFLR NACHAN 
RDBENACHITY BHIRINGI KALI BARI",,DURGAPUR,,,713213,,,,,,https://www.reliancedigital.in/locateus,,,,,,,,,
,TV,Consumer Electronics,,RELIANCE DIGITAL,,"8673 D NO 25 1 30SHOP NOS 201 208 301CENTRAL PLAZA 
RAMACHANDRA RAO PET ELURU WEST",,Eluru,,Andhra Pradesh,534002,,,,,,https://www.reliancedigital.in/locateus,,,,,,,,,
,TV,Consumer Electronics,,RELIANCE DIGITAL,,"FUN CITY SHOPPINGMALL GF & FF 
PLOT NO02 SEC 20A"," FUN CITY SHOPPINGMALL GF & FF 
PLOT NO02 SEC 20A",FARIDABAD,,Haryana,121001,,,,,,https://www.reliancedigital.in/locateus,,,,,,,,,
,TV,Consumer Electronics,,RELIANCE DIGITAL,,"7563 S NO B437 NEHRUGROUND 
NEELAM BATAROAD NIT",,FARIDABAD,,Haryana,121001,,,,,,https://www.reliancedigital.in/locateus,,,,,,,,,
,TV,Consumer Electronics,,RELIANCE DIGITAL,,"SECOND FLOOR SF 230& 231 MAHAGUN METROMALL 
PLOT NO VC 3 SECTOR 3 VAISHALI",,GHAZIABAD,,,201010,,,,,,https://www.reliancedigital.in/locateus,,,,,,,,,
,TV,Consumer Electronics,,RELIANCE DIGITAL,,"1ST FLR SHIPRA 
MALLINDIRAPURAM",,GHAZIABAD,,,201012,,,,,,https://www.reliancedigital.in/locateus,,,,,,,,,
,TV,Consumer Electronics,,RELIANCE DIGITAL,,"SHOP NO G 7 & G 8 ATPACIFIC MALL KOSHMBIA 
SITE NO 4 SAHIBABAD IND AREA PLOT NO 1 DR BURMAN RD",,GHAZIABAD,,,201010,,,,,,https://www.reliancedigital.in/locateus,,,,,,,,,
,TV,Consumer Electronics,,RELIANCE DIGITAL,,"C 29 RDC 
RAJNAGARDST CENTRE",,GHAZIABAD,,,201001,,,,,,https://www.reliancedigital.in/locateus,,,,,,,,,
,TV,Consumer Electronics,,RELIANCE DIGITAL,,"8708 FIRST FLOOR 115OPULENT 
MALL GT ROAD",,GHAZIABAD,,,201001,,,,,,https://www.reliancedigital.in/locateus,,,,,,,,,
,TV,Consumer Electronics,,RELIANCE DIGITAL,,"8789 SHOP NUMBER 8UGF AMARPALI ROYALVAIBHAVKAND
 INDIRAPURAM",,GHAZIABAD,,,201010,,,,,,https://www.reliancedigital.in/locateus,,,,,,,,,
,TV,Consumer Electronics,,RELIANCE DIGITAL,,"8727 D NO13 5 2 FFRAMASOMAYJULU 
STREETSURAYRAO PETA KAKINADA EAST",,GODAVARI,,,533001,,,,,,https://www.reliancedigital.in/locateus,,,,,,,,,
,TV,Consumer Electronics,,RELIANCE DIGITAL,,"NO 1000 CTS NO 922 3ASIAN MALLBEHIND 
KBN HOSPITAL GATE NO 2 ELECTRONIC CITY PHASE 1",,GULBARGA,,,585102,,,,,,https://www.reliancedigital.in/locateus,,,,,,,,,
,TV,Consumer Electronics,,RELIANCE DIGITAL,,"GFA 02G 15 G 16 UGA02 UG 16B 
UG 11 16ANSAL PLAZA PALAM VIHAR",,GURGAON,,Haryana,122017,,,,,,https://www.reliancedigital.in/locateus,,,,,,,,,
,TV,Consumer Electronics,,RELIANCE DIGITAL,,"AMBI MALL 218 2NDFLOOR AMBIANCE MALLNH 8 
NATHUPUR VILLAGE RAJOKRI BORDER",,GURGAON,,Haryana,122001,,,,,,https://www.reliancedigital.in/locateus,,,,,,,,,
,TV,Consumer Electronics,,RELIANCE DIGITAL,,"UG 21 A TO 27 B FF21 TO 27 
RAHEJA MALLSEC 47 SOHNA RD",,GURGAON,,Haryana,121103,,,,,,https://www.reliancedigital.in/locateus,,,,,,,,,
,TV,Consumer Electronics,,RELIANCE DIGITAL,,"8664 DIGITAL XPRESSHUDA MARKET GURGAONBF & 
GF SCO 23 HUDA MARKET SEC 14",,GURGAON,,Haryana,122001,,,,,,https://www.reliancedigital.in/locateus,,,,,,,,,
,TV,Consumer Electronics,,RELIANCE DIGITAL,,"7534 SOUTH  CITYARCADE SECTOR 30
Gurgaon",,GURGAON,,Haryana,122001,,,,,,https://www.reliancedigital.in/locateus,,,,,,,,,
,TV,Consumer Electronics,,RELIANCE DIGITAL,,"7564 NM 15 
OLD DLFCOLONY",,GURGAON,,Haryana,122001,,,,,,https://www.reliancedigital.in/locateus,,,,,,,,,
,TV,Consumer Electronics,,RELIANCE DIGITAL,,"RDML AVNI RIVER SIDEMALL RELIANCEDIGITALRETAIL LIMITED AVANI RIVERSIDE 
32 JAGAT BANERJEE GHAT ROAD SHALKIA",,HOWRAH,,,711102,,,,,,https://www.reliancedigital.in/locateus,,,,,,,,,
,TV,Consumer Electronics,,RELIANCE DIGITAL,,"7517 493 CA GT ROADAÂ VIVEKAÂ VIHARAPPARTMENT BLOCK A SHOP 2 PHASE I 
SHIBPUR HOWRAH",,HOWRAH,,,711102,,,,,,https://www.reliancedigital.in/locateus,,,,,,,,,
,TV,Consumer Electronics,,RELIANCE DIGITAL,,"KALBURGI CENTRALOPP VIDYA NAGAR
POLICE STATION P B ROAD VIDYA NAGAR"," KALBURGI CENTRALOPP VIDYA NAGAR
POLICE STATION P B ROAD VIDYA NAGAR",HUBLI,,,580021,,,,,,https://www.reliancedigital.in/locateus,,,,,,,,,
,TV,Consumer Electronics,,RELIANCE DIGITAL,,"8733 U MALL  2ND FLROPP
 SHOPPERS SHOPHUBLI"," 8733 U MALL  2ND FLROPP
 SHOPPERS SHOPHUBLI",HUBLI,,,580020,,,,,,https://www.reliancedigital.in/locateus,,,,,,,,,
,TV,Consumer Electronics,,RELIANCE DIGITAL,,"MUNICIPAL NO 11 9123 SAROORNAGARVILLAGE 
LB NAGAR OPP BHARAT PETROLEUM"," MUNICIPAL NO 11 9123 SAROORNAGARVILLAGE 
LB NAGAR OPP BHARAT PETROLEUM",HYDERABAD,,,500060,,,,,,https://www.reliancedigital.in/locateus,,,,,,,,,
,TV,Consumer Electronics,,RELIANCE DIGITAL,,"PLOT NO 254 & 255 ASY NO 369 A ATTAPURA VILLAGE 
RAJENDRA NAGAR MUNICIPALITY",,HYDERABAD,,,500048,,,,,,https://www.reliancedigital.in/locateus,,,,,,,,,
,TV,Consumer Electronics,,RELIANCE DIGITAL,,"NO 1 7 43 220 221236 237 BESIDESRADHIKA THEATRE 
A S RAO NAGAR ECIL POST",,HYDERABAD,,,500062,,,,,,https://www.reliancedigital.in/locateus,,,,,,,,,
,TV,Consumer Electronics,,RELIANCE DIGITAL,,"PLOT NOS 567 10 11 &12 BLOCK G 
SR NO91 92 & 93 JEEDIMATTA VILLAGE",,HYDERABAD,,,500014,,,,,,https://www.reliancedigital.in/locateus,,,,,,,,,
,TV,Consumer Electronics,,RELIANCE DIGITAL,,"8731 SREE HEMADURGAMALL 3 1 B SURVEYNO99 
SHANTHI NAGAR UPPAL NEAR YASHODA TOTOYA SHOW ROOM"," 8731 SREE HEMADURGAMALL 3 1 B SURVEYNO99 
SHANTHI NAGAR UPPAL NEAR YASHODA TOTOYA SHOW ROOM",HYDERABAD,,,500039,,,,,,https://www.reliancedigital.in/locateus,,,,,,,,,
,TV,Consumer Electronics,,RELIANCE DIGITAL,,"AMSRI FAUSTD NO 9 1 165 166 166A OPP SIGMA HOSPITAL 
BESIDES BASERA HOTEL SANGEETH THEATRE LANE SECUNDARABAD"," AMSRI FAUSTD NO 9 1 165 166 166A OPP SIGMA HOSPITAL 
BESIDES BASERA HOTEL SANGEETH THEATRE LANE SECUNDARABAD",HYDERABAD,,,500003,,,,,,https://www.reliancedigital.in/locateus,,,,,,,,,
,TV,Consumer Electronics,,RELIANCE DIGITAL,,"4486 SHOP NO G 46GRD FLR INORBIT MALLSY
 NO 64 PART MADHAPUR HITECH CITY",,HYDERABAD,,,500081,,,,,,https://www.reliancedigital.in/locateus,,,,,,,,,
,TV,Consumer Electronics,,RELIANCE DIGITAL,,"RDRL HOUSE NO 1 1039 TO 44 GUMIDELLICOMMERCIAL
 COMPLEX AIRPORT ROAD BEGUMPETH",,HYDERABAD,,,500016,,,,,,https://www.reliancedigital.in/locateus,,,,,,,,,
,TV,Consumer Electronics,,RELIANCE DIGITAL,,"MUNICIPAL NO 8 2 29382 A 471 & 8 2 29382 A 
471 1 PLOT NO 471 RD NO 36 JUBILEE HILLS",,HYDERABAD,,,500034,,,,,,https://www.reliancedigital.in/locateus,,,,,,,,,
,TV,Consumer Electronics,,RELIANCE DIGITAL,,"H NO 7 17 8 BLOCK 1PLOT NOS 1 TO 4PART & 5 PART 
SR NO 94 99 NACHARAM",,HYDERABAD,,,500076,,,,,,https://www.reliancedigital.in/locateus,,,,,,,,,
,TV,Consumer Electronics,,RELIANCE DIGITAL,,"MARAM SATISH CENTRAL16 10 27 1051 TO 7 106 1 MUNCIPAL COLONY
 MAIN ROAD MALAKPET",,HYDERABAD,,,500036,,,,,,https://www.reliancedigital.in/locateus,,,,,,,,,
,TV,Consumer Electronics,,RELIANCE DIGITAL,,"6 11 & 6 11 1 VIJAYSAI TOWER OPP BJPOFFICE 
VEVIK NAGAR KUKATPALLY"," 6 11 & 6 11 1 VIJAYSAI TOWER OPP BJPOFFICE 
VEVIK NAGAR KUKATPALLY",HYDERABAD,,,500072,,,,,,https://www.reliancedigital.in/locateus,,,,,,,,,
,TV,Consumer Electronics,,RELIANCE DIGITAL,,"MUNICIPAL NO 2 2 3ADIKMET SHIVAM 
ROADVIDYANAGAR",,HYDERABAD,,,500044,,,,,,https://www.reliancedigital.in/locateus,,,,,,,,,
,TV,Consumer Electronics,,RELIANCE DIGITAL,,"03 03 1942 VEERSAVARKAR ROAD 
KACHIGUDA",,HYDERABAD,,,500027,,,,,,https://www.reliancedigital.in/locateus,,,,,,,,,
,TV,Consumer Electronics,,RELIANCE DIGITAL,,"SHOP NO 3 6 553 TO558 558 1OPP MINERVA HIMAYATNAGAR 
MAIN ROAD HIMAYATNAGAR"," SHOP NO 3 6 553 TO558 558 1OPP MINERVA HIMAYATNAGAR 
MAIN ROAD HIMAYATNAGAR",HYDERABAD,,,500009,,,,,,https://www.reliancedigital.in/locateus,,,,,,,,,
,TV,Consumer Electronics,,RELIANCE DIGITAL,,"RDRL MADINAGUDAHYDERABAD STORERELIANCEDIGITAL RETAIL LTD MADINAGUDA 
MAIN RD BESIDE HUNDAI SHOWROOM MADINAGUDA NH 9",,HYDERABAD,,,500032,,,,,,https://www.reliancedigital.in/locateus,,,,,,,,,
,TV,Consumer Electronics,,RELIANCE DIGITAL,,"31 SURVEY NO 10431048 NSL CENTRUMNR BSNL EXCHANGE 
KPHB 1 & 2 PHASE KUKATPALLY",,HYDERABAD,,,500072,,,,,,https://www.reliancedigital.in/locateus,,,,,,,,,
,TV,Consumer Electronics,,RELIANCE DIGITAL,,"NSL ICON PLOT 1 2 34 H NO 8 2 684 2 A
OPP ICICI BANK ROAD NO 12 BANJARA HILL"," NSL ICON PLOT 1 2 34 H NO 8 2 684 2 A
OPP ICICI BANK ROAD NO 12 BANJARA HILL",HYDERABAD,,,500034,,,,,,https://www.reliancedigital.in/locateus,,,,,,,,,
,TV,Consumer Electronics,,RELIANCE DIGITAL,,"SHOP NO 1C GRD FLRASHOKA 
METROPOLITANMALL BANJARA HILLS",,HYDERABAD,,,500034,,,,,,https://www.reliancedigital.in/locateus,,,,,,,,,
,TV,Consumer Electronics,,RELIANCE DIGITAL,,"4486 SHOP NO G 46GRD FLR INORBIT MALLSY 
NO 64 PART MADHAPUR HITECH CITY",,HYDERABAD,,,500081,,,,,,https://www.reliancedigital.in/locateus,,,,,,,,,
,TV,Consumer Electronics,,RELIANCE DIGITAL,,"8675 CSR COMPLEX BLKA GROUND FLOOR 
PLOTNOS 72141142143&144 MAIN ROAD NAGOLE",,HYDERABAD,,,500068,,,,,,https://www.reliancedigital.in/locateus,,,,,,,,,
,TV,Consumer Electronics,,RELIANCE DIGITAL,,"8678D XPRESSMADHAPUR HYDERABADMUNICIPAL NO S 1 98 6 28 & 1 98 6 50
 PLOT NO S 28 & 50 IN SY NO 76 PART XENO FIVE SPACE ARUNODAYA CO OPERATIVE HOUSING SOCIETY MADHAPUR VILLAGE SERILINGAMPALLY MANDAL & MUNICIPALITY R R DIST",,HYDERABAD,,,500081,,,,,,https://www.reliancedigital.in/locateus,,,,,,,,,
,TV,Consumer Electronics,,RELIANCE DIGITAL,,"8697 RELIANCE RETAILLIMITED SVSR EDIFACEDOOR NO 3 10 23 10 2 1 OPP CENTRAL
 DETECTIVE TRAINING SCHOOL RAMANTHAPUR MAIN ROAD"," 8697 RELIANCE RETAILLIMITED SVSR EDIFACEDOOR NO 3 10 23 10 2 1 OPP CENTRAL
 DETECTIVE TRAINING SCHOOL RAMANTHAPUR MAIN ROAD",HYDERABAD,,,500013,,,,,,https://www.reliancedigital.in/locateus,,,,,,,,,
,TV,Consumer Electronics,,RELIANCE DIGITAL,,"8713 ROHIT CHAMBERSMUNICPAL NO 29 62 5MUNICPAL NO 29 62 5 F1 PLOT NO 65 A IN SY 
NO152 NEW VIDYANAGAR NEREDMET ROAD MALKAJGIRI CIRCLE & MANDAL MALKAJGIRI",,HYDERABAD,,,500056,,,,,,https://www.reliancedigital.in/locateus,,,,,,,,,
,TV,Consumer Electronics,,RELIANCE DIGITAL,,"8738 URBAN OASISMYSORE 1ST FLOOR22 B 
MYSORE VINOBHA ROAD JAYALAKSHMIPURAM",,HYDERABAD,,,570012,,,,,,https://www.reliancedigital.in/locateus,,,,,,,,,
,TV,Consumer Electronics,,RELIANCE DIGITAL,,"7530 OPP RAMA TEAPOINT H NO 3 5 2463 ROAD NO 5 KRISHNA NAGAR 
HB COLONY MOULA ALI"," 7530 OPP RAMA TEAPOINT H NO 3 5 2463 ROAD NO 5 KRISHNA NAGAR 
HB COLONY MOULA ALI",HYDERABAD,,,500040,,,,,,https://www.reliancedigital.in/locateus,,,,,,,,,
,TV,Consumer Electronics,,RELIANCE DIGITAL,,"7532 SHAMBAVICOMPLEX PLOT NO 29A & B H NO 1 1 104 1 S2
hyderabad",,HYDERABAD,,,500018,,,,,,https://www.reliancedigital.in/locateus,,,,,,,,,
,TV,Consumer Electronics,,RELIANCE DIGITAL,,"8475 DX MIN ROYALRESIDENCE ALWALHYDERABAD  ROYAL RESIDENCE G   5 G 6 G 7 PLOT NO 19 20 33AND34  JAWAHAR CO OPERTIVE SOCIETY
 ALWAL MUNICPALITY",,HYDERABAD,,,500010,,,,,,https://www.reliancedigital.in/locateus,,,,,,,,,
,TV,Consumer Electronics,,RELIANCE DIGITAL,,"TREASURE ISLAND
3RD FLR MG ROAD",,INDORE,,Madhya Pradesh,452010,,,,,,https://www.reliancedigital.in/locateus,,,,,,,,,
,TV,Consumer Electronics,,RELIANCE DIGITAL,,"ANCHOR STORE FIRSTFLOOR 36 4 SOUTHAVENUE MALL ADJOINING 
PERFECT POTTERY NARMADA ROAD JABALPUR",,JABALPUR,,Madhya Pradesh,482008,,,,,,https://www.reliancedigital.in/locateus,,,,,,,,,
,TV,Consumer Electronics,,RELIANCE DIGITAL,,"8722 GF & FF GAURAVTOWERS
 MALVIYA NGR",,JAIPUR,,,302017,,,,,,https://www.reliancedigital.in/locateus,,,,,,,,,
,TV,Consumer Electronics,,RELIANCE DIGITAL,,"8719 RDRL LGF BIG CMALL 
PLOT NO 255LAJPAT NAGAR",,JALLANDHAR,,,144001,,,,,,https://www.reliancedigital.in/locateus,,,,,,,,,
,TV,Consumer Electronics,,RELIANCE DIGITAL,,"8735 SHOP NO21 FIRSTFLOOR VIVA COLLAGEMALLNEAR 
HAVELI RESTUARENTGT ROADVILLAGE PRAGPUR"," 8735 SHOP NO21 FIRSTFLOOR VIVA COLLAGEMALLNEAR 
HAVELI RESTUARENTGT ROADVILLAGE PRAGPUR",JALLANDHAR,,,144005,,,,,,https://www.reliancedigital.in/locateus,,,,,,,,,
,TV,Consumer Electronics,,RELIANCE DIGITAL,,"8669 RDRL CRYSTALMALL SECOND FLOORUNIT 
NOS 201 202 203 & 204 KHAMBHALLA MAIN ROAD OPP KHODIYAR MANDIR"," 8669 RDRL CRYSTALMALL SECOND FLOORUNIT 
NOS 201 202 203 & 204 KHAMBHALLA MAIN ROAD OPP KHODIYAR MANDIR",JAMNAGAR,,Gujarat,361006,,,,,,https://www.reliancedigital.in/locateus,,,,,,,,,
,TV,Consumer Electronics,,RELIANCE DIGITAL,,"8989 IST FLOOR CITYCENTRE MALL NEARSANGHI 
PETROL PUMP OPPOSITE OLYMPIC CINEMA NEAR BIG BAZAR"," 8989 IST FLOOR CITYCENTRE MALL NEARSANGHI 
PETROL PUMP OPPOSITE OLYMPIC CINEMA NEAR BIG BAZAR",JODHPUR,,Rajasthan,342001,,,,,,https://www.reliancedigital.in/locateus,,,,,,,,,
,TV,Consumer Electronics,,RELIANCE DIGITAL,,"2ND FLOOR KANNURMALL 
221 S N PARK RD",,KANNUR,,Kerala,670001,,,,,,https://www.reliancedigital.in/locateus,,,,,,,,,
,TV,Consumer Electronics,,RELIANCE DIGITAL,,"SHOP NO 35 36 37 3839A 
PROPERTY NO 16113 2ND FLR Z SQUARE MALL",,KANPUR,,Uttar Pradesh,208001,,,,,,https://www.reliancedigital.in/locateus,,,,,,,,,
,TV,Consumer Electronics,,RELIANCE DIGITAL,,"7675 111 447 80 FEETRD 
ASHOK NAGAR",,KANPUR,,Uttar Pradesh,208012,,,,,,https://www.reliancedigital.in/locateus,,,,,,,,,
,TV,Consumer Electronics,,RELIANCE DIGITAL,,"7704 80 2 BLOCK 8VIP ROAD 
NANDLALCHAURAHA GOVINDNAGAR",,KANPUR,,Uttar Pradesh,208006,,,,,,https://www.reliancedigital.in/locateus,,,,,,,,,
,TV,Consumer Electronics,,RELIANCE DIGITAL,,"7716  GF 125 8 80 2BLOCK 2 VIP ROAD
NANDLAL CHAURAHA GOVIND NAGER",,KANPUR,,Uttar Pradesh,208006,,,,,,https://www.reliancedigital.in/locateus,,,,,,,,,
,TV,Consumer Electronics,,RELIANCE DIGITAL,,"7745  GF 177 N 65
 AAVON MARKET  KAKADEV",,KANPUR,,Uttar Pradesh,208006,,,,,,https://www.reliancedigital.in/locateus,,,,,,,,,
,TV,Consumer Electronics,,RELIANCE DIGITAL,,"7777  SHOP NO  45 &46 NAGAR NIGAM 
MARKTZOO ROAD  VIKAS NAGAR",,KANPUR,,Uttar Pradesh,208002,,,,,,https://www.reliancedigital.in/locateus,,,,,,,,,
,TV,Consumer Electronics,,RELIANCE DIGITAL,,"7778  46 I  
RAJEEVNAGAR  LAL BANGLA",,KANPUR,,Uttar Pradesh,208007,,,,,,https://www.reliancedigital.in/locateus,,,,,,,,,
,TV,Consumer Electronics,,RELIANCE DIGITAL,,"7780  277  A 2 1HEMANT VIHARNEAR 
SACHAN GUESY HOUSE BARRA 1"," 7780  277  A 2 1HEMANT VIHARNEAR 
SACHAN GUESY HOUSE BARRA 1",KANPUR,,Uttar Pradesh,208027,,,,,,https://www.reliancedigital.in/locateus,,,,,,,,,
,TV,Consumer Electronics,,RELIANCE DIGITAL,,"8679 RR COMPLEX VYRAROAD MUNICIPAL NO 51 662 NEW 5 1 205 OLD SY
 NOS 213 & 214 KHANAPURAM HAVELI GRAM PANCHAYAT KHAMMAM URBAN MANDAL &",,KHAMMAM,,Telangana,507001,,,,,,https://www.reliancedigital.in/locateus,,,,,,,,,
,TV,Consumer Electronics,,RELIANCE DIGITAL,,"8666 RDRL Z ESTATEPATIA BHUBANESWARPLOT NOS 437 1893 KHATA 
NOS 489 239 MOUJA PATIA ON BHUBANESWAR NANDAN KANAN ROAD",,KHURDA,,,751023,,,,,,https://www.reliancedigital.in/locateus,,,,,,,,,
,TV,Consumer Electronics,,RELIANCE DIGITAL,,"2ND FLR TCC RELIANCEMEGA MALL
 SUBHASH RDLAXMIPURI",,KOLHAPUR,,,416001,,,,,,https://www.reliancedigital.in/locateus,,,,,,,,,
,TV,Consumer Electronics,,RELIANCE DIGITAL,,"DIAMOND CITY NORTH
SHOP NO 1 2ND FLRJESSOR RD NAGERBAZAR",,KOLKATTA,,,700055,,,,,,https://www.reliancedigital.in/locateus,,,,,,,,,
,TV,Consumer Electronics,,RELIANCE DIGITAL,,"8699 46 41 1 GHOSHPARA ROAD PO BARRACKPORE PS TITAGARH 
BESIDE HIMALAYA OPTICALS & MP JEWELLERS NEAR BARRACKPORE RLY STN"," 8699 46 41 1 GHOSHPARA ROAD PO BARRACKPORE PS TITAGARH 
BESIDE HIMALAYA OPTICALS & MP JEWELLERS NEAR BARRACKPORE RLY STN",KOLKATTA,,,700120,,,,,,https://www.reliancedigital.in/locateus,,,,,,,,,
,TV,Consumer Electronics,,RELIANCE DIGITAL,,"8734 LAKE MALL3RD FLOOR
104RASHBIHARI AVENUE",,KOLKATTA,,,700029,,,,,,https://www.reliancedigital.in/locateus,,,,,,,,,
,TV,Consumer Electronics,,RELIANCE DIGITAL,,"46 DIAMOND HARBOURRD 
THAKURPUKURBEHALA",,KOLKATTA,,,700063,,,,,,https://www.reliancedigital.in/locateus,,,,,,,,,
,TV,Consumer Electronics,,RELIANCE DIGITAL,,"229 Vishnu EnclaveNetaji 
Subhas ChandrP S Jadavpur",,KOLKATTA,,,700047,,,,,,https://www.reliancedigital.in/locateus,,,,,,,,,
,TV,Consumer Electronics,,RELIANCE DIGITAL,,"SATYAM TOWER V I PROAD 
OPP HALDIRAMNR B P PODDAR INSTITUTE KAIKHALI"," SATYAM TOWER V I PROAD 
OPP HALDIRAMNR B P PODDAR INSTITUTE KAIKHALI",KOLKATTA,,,700052,,,,,,https://www.reliancedigital.in/locateus,,,,,,,,,
,TV,Consumer Electronics,,RELIANCE DIGITAL,,"AXIS MALL SEC 02BLOCK B PLOT NO CF09
ACTION AREA IC NEW TOWN",,KOLKATTA,,,700156,,,,,,https://www.reliancedigital.in/locateus,,,,,,,,,
,TV,Consumer Electronics,,RELIANCE DIGITAL,,"8700D XPRESS GF & MF14 
NETAJI SUBHASH RD",,KOLKATTA,,,700001,,,,,,https://www.reliancedigital.in/locateus,,,,,,,,,
,TV,Consumer Electronics,,RELIANCE DIGITAL,,"8704MANI SQUARE MALL164 1 
MANICKTALAMAIN ROAD OFF EM BYPASS",,KOLKATTA,,,700054,,,,,,https://www.reliancedigital.in/locateus,,,,,,,,,
,TV,Consumer Electronics,,RELIANCE DIGITAL,,"8709 UNIT NO13 & 8PARK 
MANSION 57APARK STREET",,KOLKATTA,,,700016,,,,,,https://www.reliancedigital.in/locateus,,,,,,,,,
,TV,Consumer Electronics,,RELIANCE DIGITAL,,"8710 MILLENIUM CITYDN 
62 SEC 5 SALTLAKE",,KOLKATTA,,,700019,,,,,,https://www.reliancedigital.in/locateus,,,,,,,,,
,TV,Consumer Electronics,,RELIANCE DIGITAL,,"7508 CF 326 NEARSWIMMING 
POOLSALT LAKE  BIDHAN NAGAR NEXT TO CCD"," 7508 CF 326 NEARSWIMMING 
POOLSALT LAKE  BIDHAN NAGAR NEXT TO CCD",KOLKATTA,,,700064,,,,,,https://www.reliancedigital.in/locateus,,,,,,,,,
,TV,Consumer Electronics,,RELIANCE DIGITAL,,"7511 2BSHAMBHU NATH 
PANDITSTREET  ELGIN ROAD",,KOLKATTA,,,700020,,,,,,https://www.reliancedigital.in/locateus,,,,,,,,,
,TV,Consumer Electronics,,RELIANCE DIGITAL,,"7513 319 7JESSORE ROAD
NAGERBAZAR",,KOLKATTA,,,700074,,,,,,https://www.reliancedigital.in/locateus,,,,,,,,,
,TV,Consumer Electronics,,RELIANCE DIGITAL,,"7523 RELIANCE DIGITLMINI DX140 D  
SARATBOSE ROAD",,KOLKATTA,,,700029,,,,,,https://www.reliancedigital.in/locateus,,,,,,,,,
,TV,Consumer Electronics,,RELIANCE DIGITAL,,"7526 DX3 85  CHITTARANJAN COLONY  
RAJASC MALLIK ROAD",,KOLKATTA,,,700032,,,,,,https://www.reliancedigital.in/locateus,,,,,,,,,
,TV,Consumer Electronics,,RELIANCE DIGITAL,,"7528 334 1  
MB ROADBIRATI",,KOLKATTA,,,700051,,,,,,https://www.reliancedigital.in/locateus,,,,,,,,,
,TV,Consumer Electronics,,RELIANCE DIGITAL,,"7551 174 
GLINTON STREET",,KOLKATTA,,,700014,,,,,,https://www.reliancedigital.in/locateus,,,,,,,,,
,TV,Consumer Electronics,,RELIANCE DIGITAL,,"7567 RELIANCEDIGITAL MINI DX87 2DUM DUM ROAD BETWEEN PLANET M SPICE HOT SPOT & CAFE COFFEE DAY BESIDE TMS AND OPP 
NOKIA PRIORITY"," 7567 RELIANCEDIGITAL MINI DX87 2DUM DUM ROAD BETWEEN PLANET M SPICE HOT SPOT & CAFE COFFEE DAY BESIDE TMS AND OPP 
NOKIA PRIORITY",KOLKATTA,,,700074,,,,,,https://www.reliancedigital.in/locateus,,,,,,,,,
,TV,Consumer Electronics,,RELIANCE DIGITAL,,"7590 RELIANCE DIGITLMINI DX93  
NSC BOSEROAD",,KOLKATTA,,,700040,,,,,,https://www.reliancedigital.in/locateus,,,,,,,,,
,TV,Consumer Electronics,,RELIANCE DIGITAL,,"7591 RELIANCE DIGITLMINI DXLILA MANSIONHOLDING NO 61 H 18 & 19  
KNC ROAD  BARASAT",,KOLKATTA,,,700124,,,,,,https://www.reliancedigital.in/locateus,,,,,,,,,
,TV,Consumer Electronics,,RELIANCE DIGITAL,,"CITI MALL 
 A 47 IPIARD NO 03",,KOTA,,,324005,,,,,,https://www.reliancedigital.in/locateus,,,,,,,,,
,TV,Consumer Electronics,,RELIANCE DIGITAL,,"24 HALWASIA COURTHAJRATGANJ 
MG MARG",,LUCKNOW,,,226001,,,,,,https://www.reliancedigital.in/locateus,,,,,,,,,
,TV,Consumer Electronics,,RELIANCE DIGITAL,,"8983 RRL CDIT CITYMALL LUCKNOW 
CP2CITY MALL VIPUL KHAND 4 GOMTI NAGAR",,LUCKNOW,,,226010,,,,,,https://www.reliancedigital.in/locateus,,,,,,,,,
,TV,Consumer Electronics,,RELIANCE DIGITAL,,"SHOP NO S 10 PLOTNO CP 08 PHOENIXUNITED MALL SECTOR B 
KANPUR ROAD CITY EXPANSION SCHEME",,LUCKNOW,,,226005,,,,,,https://www.reliancedigital.in/locateus,,,,,,,,,
,TV,Consumer Electronics,,RELIANCE DIGITAL,,"PN TC 54 & 55AVIBHUTI 
KHAND",,LUCKNOW,,,226010,,,,,,https://www.reliancedigital.in/locateus,,,,,,,,,
,TV,Consumer Electronics,,RELIANCE DIGITAL,,"7648 SHOP NO 1 UGFSEHER PLAZA OPPMASZID ARVINDO PARK ROAD SEC 12 
INDRA NAGAR MUNSHI PULLIA"," 7648 SHOP NO 1 UGFSEHER PLAZA OPPMASZID ARVINDO PARK ROAD SEC 12 
INDRA NAGAR MUNSHI PULLIA",LUCKNOW,,,226016,,,,,,https://www.reliancedigital.in/locateus,,,,,,,,,
,TV,Consumer Electronics,,RELIANCE DIGITAL,,"7663  LGF KRISHNAPLAZA 133 24
NAZIRABAD",,LUCKNOW,,,226018,,,,,,https://www.reliancedigital.in/locateus,,,,,,,,,
,TV,Consumer Electronics,,RELIANCE DIGITAL,,"SHOP NO 15 16LOWER GRD 
FLOORWEST END MALL EROZPUR ROAD",,LUDHIANA,,Punjab,141001,,,,,,https://www.reliancedigital.in/locateus,,,,,,,,,
,TV,Consumer Electronics,,RELIANCE DIGITAL,,"VISHAAL DE MALLANCHOR SHOP 3RD FLRDOOR 
NO 31 GOKALE RD CHOKKIKULAM VILLAGE MADURAI NORTH TALUK",,MADURAI,,Tamil Nadu,625002,,,,,,https://www.reliancedigital.in/locateus,,,,,,,,,
,TV,Consumer Electronics,,RELIANCE DIGITAL,,"8728 D NO 192 EASTVELI STREET MADURAITOWN 
OLD TOWN SURVEY WARD NO 9",,MADURAI,,Tamil Nadu,625001,,,,,,https://www.reliancedigital.in/locateus,,,,,,,,,
,TV,Consumer Electronics,,RELIANCE DIGITAL,,"4599 SF16 27A2ND FLR CITY CENTREMALL 
K S RAO ROAD HAMPANKATTA",,MANGALORE,,,575001,,,,,,https://www.reliancedigital.in/locateus,,,,,,,,,
,TV,Consumer Electronics,,RELIANCE DIGITAL,,"8668 PLOT NO S 8 & 9
COLLEGE RD NRCHILDREN PARK",,MEERUT,,Uttar Pradesh,250002,,,,,,https://www.reliancedigital.in/locateus,,,,,,,,,
,TV,Consumer Electronics,,RELIANCE DIGITAL,,"8984ANCHOR NO 2 & 3LGF SHOPPRIX MALLCOMMERCIAL BULK LANDMAJOR
 DHYAN CHAND NAGAR SPORTS GOODS COMPLEX CROSSING OFMEERUT HAPUR BYPASS & MEERUT DELHI HWY"," 8984ANCHOR NO 2 & 3LGF SHOPPRIX MALLCOMMERCIAL BULK LANDMAJOR
 DHYAN CHAND NAGAR SPORTS GOODS COMPLEX CROSSING OFMEERUT HAPUR BYPASS & MEERUT DELHI HWY",MEERUT,,Uttar Pradesh,250103,,,,,,https://www.reliancedigital.in/locateus,,,,,,,,,
,TV,Consumer Electronics,,RELIANCE DIGITAL,,"F 52 R CITY MALL 
LBSMARG GHATKOPAR W",,MUMBAI,,,400086,,,,,,https://www.reliancedigital.in/locateus,,,,,,,,,
,TV,Consumer Electronics,,RELIANCE DIGITAL,,"RDRL R MALL MULUNDSTORE G 
16 GRD FLRR MALL MULUND LBS MARG MULUND W",,MUMBAI,,,400080,,,,,,https://www.reliancedigital.in/locateus,,,,,,,,,
,TV,Consumer Electronics,,RELIANCE DIGITAL,,"UNIT NO 203 2ND FLRMALAD
 INFINITI MALLLINK RD MALAD",,MUMBAI,,,400064,,,,,,https://www.reliancedigital.in/locateus,,,,,,,,,
,TV,Consumer Electronics,,RELIANCE DIGITAL,,"RDRL SHOP NO 13 1517 & 19 ON 1ST FLRAND 17 19 ON 
2ND FLRGROWELL 101 AKURLI ROAD KANDIVALI EAST",,MUMBAI,,,400101,,,,,,https://www.reliancedigital.in/locateus,,,,,,,,,
,TV,Consumer Electronics,,RELIANCE DIGITAL,,"FF GULMOHAR PLAZAVIVA 
COLLEGE ROADVIRAR WEST",,Mumbai,,,401303,,,,,,https://www.reliancedigital.in/locateus,,,,,,,,,
,TV,Consumer Electronics,,RELIANCE DIGITAL,,"A 1 & 2 TIMES SQUAREANDHERI
 EAST ANDHERIKURLA RD",,MUMBAI,,,400059,,,,,,https://www.reliancedigital.in/locateus,,,,,,,,,
,TV,Consumer Electronics,,RELIANCE DIGITAL,,"RDRL PHOENIX MARKETMUMBAI STOREG 495051 
PHOENIX MARKET CITY  LBS ROAD  KURLA",,MUMBAI,,,400070,,,,,,https://www.reliancedigital.in/locateus,,,,,,,,,
,TV,Consumer Electronics,,RELIANCE DIGITAL,,"SEA BREEZE PLOT NO1091 TOWN 
PLANNINGSCHEME IV NEW PRABHADEVI ROAD",,MUMBAI,,,400025,,,,,,https://www.reliancedigital.in/locateus,,,,,,,,,
,TV,Consumer Electronics,,RELIANCE DIGITAL,,"MAIN STREET MALLBETWEEN ELCO 
MARKETAND GLOBUS HILL ROAD BANDRA WEST",,MUMBAI,,,400050,,,,,,https://www.reliancedigital.in/locateus,,,,,,,,,
,TV,Consumer Electronics,,RELIANCE DIGITAL,,"DIGITAL XPRESSSECOND FLOOR UNITNO 
T 217 NEPTUNE MAGNET MALL LBS MARG BHANDUP",,MUMBAI,,,400078,,,,,,https://www.reliancedigital.in/locateus,,,,,,,,,
,TV,Consumer Electronics,,RELIANCE DIGITAL,,"SHOP NO 5 GRD FLRTIRUPATI 
SHOPPING4 755 WARDEN RD"," SHOP NO 5 GRD FLRTIRUPATI 
SHOPPING4 755 WARDEN RD",MUMBAI,,,400026,,,,,,https://www.reliancedigital.in/locateus,,,,,,,,,
,TV,Consumer Electronics,,RELIANCE DIGITAL,,"SHOP NO G 37 GRD FLRR CITY CENTRE MALLL
 B S MARG GHATKOPAR W",,MUMBAI,,,400077,,,,,,https://www.reliancedigital.in/locateus,,,,,,,,,
,TV,Consumer Electronics,,RELIANCE DIGITAL,,"SHOP NO S 12 BSECOND FLOOR HIGHSTREET 
PHONIX LOWER PAREL SENAPATI BAPAT MARG",,MUMBAI,,,400013,,,,,,https://www.reliancedigital.in/locateus,,,,,,,,,
,TV,Consumer Electronics,,RELIANCE DIGITAL,,"8667 SF 6 & 7 VIVACITY MALL NR CADBURYCOMPD NEXT TO 
JUPITER HOSPITAL THANE WEST OFF EASTERN HIGHWAY",,MUMBAI,,,400610,,,,,,https://www.reliancedigital.in/locateus,,,,,,,,,
,TV,Consumer Electronics,,RELIANCE DIGITAL,,"8702 1ST FLOOR SHOPNO 4 MILAP 
THEATRESV ROAD KANDIVALI W",,MUMBAI,,,400067,,,,,,https://www.reliancedigital.in/locateus,,,,,,,,,
,TV,Consumer Electronics,,RELIANCE DIGITAL,,"ANAND PRINTING PRESSSHOP NO 2  PLOT NO190 C  SATNAM MANSION  DR BABASAHEB AMBEDKAR ROAD  NEXT TO CHITRA CINEMA
  DADAR EAST",,MUMBAI,,,400014,,,,,,https://www.reliancedigital.in/locateus,,,,,,,,,
,TV,Consumer Electronics,,RELIANCE DIGITAL,,"7520 SHOP NO 52SHREEJI HEIGHTSPLOT NO 1 1A 1B AND 1C SECTOR 46A
 SEAWOOD",,MUMBAI,,,400706,,,,,,https://www.reliancedigital.in/locateus,,,,,,,,,
,TV,Consumer Electronics,,RELIANCE DIGITAL,,"7524 SHOP NO 19NATIONAL AVENUE BLDGAKURLI ROAD OPP 
SAIBABA HOSPITAL KANDIVALI EAST"," 7524 SHOP NO 19NATIONAL AVENUE BLDGAKURLI ROAD OPP 
SAIBABA HOSPITAL KANDIVALI EAST",MUMBAI,,,400101,,,,,,https://www.reliancedigital.in/locateus,,,,,,,,,
,TV,Consumer Electronics,,RELIANCE DIGITAL,,"7552 SHOP NO 2 3BHAWESHWAR PLAZALBS ROAD 
GHATKOPAR WEST",,MUMBAI,,,400086,,,,,,https://www.reliancedigital.in/locateus,,,,,,,,,
,TV,Consumer Electronics,,RELIANCE DIGITAL,,"7570 SHOP NO 7SAIFEE 
PARKMASCAREHANS ROAD MAZGAON",,MUMBAI,,,400010,,,,,,https://www.reliancedigital.in/locateus,,,,,,,,,
,TV,Consumer Electronics,,RELIANCE DIGITAL,,"7573 SHOP NO 9 UNITYHEIGHTS 
SV ROADMALAD W",,MUMBAI,,,400097,,,,,,https://www.reliancedigital.in/locateus,,,,,,,,,
,TV,Consumer Electronics,,RELIANCE DIGITAL,,"8466 SHOP NO2 3 AND11 BUILDING NO A 1SARAF 
CHAUDHARY NAGAR  THAKUR COMPLEX KANDIVALI E",,MUMBAI,,,400101,,,,,,https://www.reliancedigital.in/locateus,,,,,,,,,
,TV,Consumer Electronics,,RELIANCE DIGITAL,,"8470 SHOP NO 6SHIV PARVATI CHSSION 
TROMBAY ROAD  CHEMBUR",,MUMBAI,,,400071,,,,,,https://www.reliancedigital.in/locateus,,,,,,,,,
,TV,Consumer Electronics,,RELIANCE DIGITAL,,"8471 SHOP NO 1A 31B 4 
AVON ARCADEDJ ROAD  VILE PARLE W",,MUMBAI,,,400056,,,,,,https://www.reliancedigital.in/locateus,,,,,,,,,
,TV,Consumer Electronics,,RELIANCE DIGITAL,,"8472 SHOP NO 5PRANAV COMMERCIALPLAZA 
M G RD MULUND WEST",,MUMBAI,,,400080,,,,,,https://www.reliancedigital.in/locateus,,,,,,,,,
,TV,Consumer Electronics,,RELIANCE DIGITAL,,"8746  SHREEJI VILLASHOP NO 7 
T HKATARIA MARG MATUNGA WEST",,MUMBAI,,,400016,,,,,,https://www.reliancedigital.in/locateus,,,,,,,,,
,TV,Consumer Electronics,,RELIANCE DIGITAL,,"8749 SHOP NO 3 ALOOPAROO BUILDING 
LJ RDNEAR AXIS BANK  MAHIM WEST"," 8749 SHOP NO 3 ALOOPAROO BUILDING 
LJ RDNEAR AXIS BANK  MAHIM WEST",MUMBAI,,,400016,,,,,,https://www.reliancedigital.in/locateus,,,,,,,,,
,TV,Consumer Electronics,,RELIANCE DIGITAL,,"8752 SHREEJI ARCADES V ROAD
 NR  JAINTEMPLEÂ  KANDIVALI WEST",,MUMBAI,,,400067,,,,,,https://www.reliancedigital.in/locateus,,,,,,,,,
,TV,Consumer Electronics,,RELIANCE DIGITAL,,"8760 K R CHAUKSEYCONSULTANTS 13  AKAILASH PLAZA VALLABH BAG LANE NEAR OUDIAN SHOPPING CENTRE
 GHATKOPAR"," 8760 K R CHAUKSEYCONSULTANTS 13  AKAILASH PLAZA VALLABH BAG LANE NEAR OUDIAN SHOPPING CENTRE
 GHATKOPAR",MUMBAI,,,400080,,,,,,https://www.reliancedigital.in/locateus,,,,,,,,,
,TV,Consumer Electronics,,RELIANCE DIGITAL,,"8761 SHOP NO5 GOYALPLAZA TPSII KASTURBAROAD NO 4
NEAR ICICI BANK BORIVALI EAST"," 8761 SHOP NO5 GOYALPLAZA TPSII KASTURBAROAD NO 4
NEAR ICICI BANK BORIVALI EAST",MUMBAI,,,400066,,,,,,https://www.reliancedigital.in/locateus,,,,,,,,,
,TV,Consumer Electronics,,RELIANCE DIGITAL,,"8788 SHOP NO 4GRACE 
PLAZAS V ROAD  JOGESHWARI W",,MUMBAI,,,400102,,,,,,https://www.reliancedigital.in/locateus,,,,,,,,,
,TV,Consumer Electronics,,RELIANCE DIGITAL,,"8797 SHOP NO 22TRUE VISIONSHIVAJI NAGAR  DELISLE ROAD 
N M JOSHI MARG  LOWER PAREL",,MUMBAI,,,400013,,,,,,https://www.reliancedigital.in/locateus,,,,,,,,,
,TV,Consumer Electronics,,RELIANCE DIGITAL,,"8692 RELIANCE HYPERMART  KSRTC 
BUSTSTAND BANGLORE NEELGIRI ROAD",,MYSORE,,Karnatka,570001,,,,,,https://www.reliancedigital.in/locateus,,,,,,,,,
,TV,Consumer Electronics,,RELIANCE DIGITAL,,"MALL OF MYSORE FF 8NAZARBAD MOHALLAM G ROAD INDIRANAGAR EXTN OPP GOLF ROAD
INDIRANAGAR EXTN OPP GOLF ROAD"," MALL OF MYSORE FF 8NAZARBAD MOHALLAM G ROAD INDIRANAGAR EXTN OPP GOLF ROAD
INDIRANAGAR EXTN OPP GOLF ROAD",MYSORE,,Karnatka,570010,,,,,,https://www.reliancedigital.in/locateus,,,,,,,,,
,TV,Consumer Electronics,,RELIANCE DIGITAL,,"1ST FLR EMPRESS CITIMALL SIR BENZONJIMEHTA
 ROAD NEAR SHUKRAWARI TALW"," 1ST FLR EMPRESS CITIMALL SIR BENZONJIMEHTA
 ROAD NEAR SHUKRAWARI TALW",NAGPUR,,Maharashtra,440018,,,,,,https://www.reliancedigital.in/locateus,,,,,,,,,
,TV,Consumer Electronics,,RELIANCE DIGITAL,,"8748 RL MALL PLOT NO90 SR NO 612 5B 1AND 612 5B 
2 OLD MUMBAI AGRA ROAD NEAR KALIKA MANDIR"," 8748 RL MALL PLOT NO90 SR NO 612 5B 1AND 612 5B 
2 OLD MUMBAI AGRA ROAD NEAR KALIKA MANDIR",NASIK,,,422001,,,,,,https://www.reliancedigital.in/locateus,,,,,,,,,
,TV,Consumer Electronics,,RELIANCE DIGITAL,,"LSF 02 LOWER GRD FLRCITY CENTER MALLLAWATE NAGAR 
UNTWADI NEW NASIK",,NASIK,,,422022,,,,,,https://www.reliancedigital.in/locateus,,,,,,,,,
,TV,Consumer Electronics,,RELIANCE DIGITAL,,"8718 D XPRESS STARZONE SHOP 
NOS U6M6 & M7 NASHIK",,NASIK,,,422101,,,,,,https://www.reliancedigital.in/locateus,,,,,,,,,
,TV,Consumer Electronics,,RELIANCE DIGITAL,,"MAITHILI SIGNETPLOT NO 39 4 
SEC 30A",,NAVI MUMBAI,,Maharashtra,400705,,,,,,https://www.reliancedigital.in/locateus,,,,,,,,,
,TV,Consumer Electronics,,RELIANCE DIGITAL,,"8918RCP Complex, Bldg no. 6, Wing C, Ground Floor, 
Thane-Belapur Road, Ghansoli, navi Mumbai-400701",,NAVI MUMBAI,,Maharashtra,400701,,,,,,https://www.reliancedigital.in/locateus,,,,,,,,,
,TV,Consumer Electronics,,RELIANCE DIGITAL,,"RDX STORE 8D GRD FLRRELIANCE 
CORPORATEPARK THANE BELAPUR RD GHANSOLI",,NAVI MUMBAI,,Maharashtra,400701,,,,,,https://www.reliancedigital.in/locateus,,,,,,,,,
,TV,Consumer Electronics,,RELIANCE DIGITAL,,"8737 GF TC23 RELIANCCORPORATE 
PARKTHANEBELAPUR ROAD GHANSOLI",,NAVI MUMBAI,,Maharashtra,400701,,,,,,https://www.reliancedigital.in/locateus,,,,,,,,,
,TV,Consumer Electronics,,RELIANCE DIGITAL,,"8791 AC AND LCD F1 4SECTOR 15
NEAR STATION NERUL E"," 8791 AC AND LCD F1 4SECTOR 15
NEAR STATION NERUL E",NAVI MUMBAI,,Maharashtra,400706,,,,,,https://www.reliancedigital.in/locateus,,,,,,,,,
,TV,Consumer Electronics,,RELIANCE DIGITAL,,"8990 SHOP NO 3DCB ATM  SHUBHAMPALACE VASHI ROAD  OPP VODAFONE GALLERY NEARB
Y D MART KOPERKAIRANE"," 8990 SHOP NO 3DCB ATM  SHUBHAMPALACE VASHI ROAD  OPP VODAFONE GALLERY NEARB
Y D MART KOPERKAIRANE",NAVI MUMBAI,,Maharashtra,400709,,,,,,https://www.reliancedigital.in/locateus,,,,,,,,,
,TV,Consumer Electronics,,RELIANCE DIGITAL,,"GRD FLR B 1 629JANAKPURI 
NAJAFGARHRD",,NEW DELHI,,,110058,,,,,,https://www.reliancedigital.in/locateus,,,,,,,,,
,TV,Consumer Electronics,,RELIANCE DIGITAL,,"8676 RDRL GF & FFPLOT NO RZ 14 5
LAXMI GARDEN NAJAFGARH",,NEW DELHI,,,110043,,,,,,https://www.reliancedigital.in/locateus,,,,,,,,,
,TV,Consumer Electronics,,RELIANCE DIGITAL,,"1ST FLOOR FUN CITYMALL 
PLOT NO 29AND 31 CBD SHAHADRA",,NEW DELHI,,,110092,,,,,,https://www.reliancedigital.in/locateus,,,,,,,,,
,TV,Consumer Electronics,,RELIANCE DIGITAL,,"SHOP NO 231232233AMBIENCE MALL
2ND FLR VASANT KUNJ",,NEW DELHI,,,110070,,,,,,https://www.reliancedigital.in/locateus,,,,,,,,,
,TV,Consumer Electronics,,RELIANCE DIGITAL,,"WYANDHAM HOTELGR FLR PLOT NO 3
OPP DWARKA METRO STATION SEC 10"," WYANDHAM HOTELGR FLR PLOT NO 3
OPP DWARKA METRO STATION SEC 10",NEW DELHI,,,110075,,,,,,https://www.reliancedigital.in/locateus,,,,,,,,,
,TV,Consumer Electronics,,RELIANCE DIGITAL,,"DIGITAL XPRESS F 11PLOT NO 12V3S
 EAST CENTRE LAXMI NAGAR DT CENTRE",,NEW DELHI,,,110092,,,,,,https://www.reliancedigital.in/locateus,,,,,,,,,
,TV,Consumer Electronics,,RELIANCE DIGITAL,,"SHOP NO M 34 GRD 
FLRGK 1 MAIN MARKET",,NEW DELHI,,,110048,,,,,,https://www.reliancedigital.in/locateus,,,,,,,,,
,TV,Consumer Electronics,,RELIANCE DIGITAL,,"8665 DIGITAL XPRESSASHOK VIHAR DELHI 
GFB 2 14 PHASE 2 ASHOK VIHAR",,NEW DELHI,,,110052,,,,,,https://www.reliancedigital.in/locateus,,,,,,,,,
,TV,Consumer Electronics,,RELIANCE DIGITAL,,"8712GF SHOP G12 G14G15A FUN CITY 
MALLPRASHANT VIHAR SECTOR 14 ROHINI",,NEW DELHI,,,110085,,,,,,https://www.reliancedigital.in/locateus,,,,,,,,,
,TV,Consumer Electronics,,RELIANCE DIGITAL,,"PLOT NO 17 18 19COMMUNITY CENTRELALA 
LAJPAT RAI MARGKAILASH COLONY",,NEW DELHI,,,110048,,,,,,https://www.reliancedigital.in/locateus,,,,,,,,,
,TV,Consumer Electronics,,RELIANCE DIGITAL,,"8965 FF & SF ATJAKSONS CROWNHEIGHTS
 SECTOR 10 PLOT 3B1 ROHINI",,NEW DELHI,,,110085,,,,,,https://www.reliancedigital.in/locateus,,,,,,,,,
,TV,Consumer Electronics,,RELIANCE DIGITAL,,"7500 SHOP NO 1 15 1WEST PATEL NAGAR
PATEL NAGAR",,NEW DELHI,,,110008,,,,,,https://www.reliancedigital.in/locateus,,,,,,,,,
,TV,Consumer Electronics,,RELIANCE DIGITAL,,"7527 SHOP NO 13 
SEC8 RK PURAM",,NEW DELHI,,,110022,,,,,,https://www.reliancedigital.in/locateus,,,,,,,,,
,TV,Consumer Electronics,,RELIANCE DIGITAL,,"7535 GF L 1B MAHIPALPUR 
OPP MTNL TELEPHONE EXCHANGE"," 7535 GF L 1B MAHIPALPUR 
OPP MTNL TELEPHONE EXCHANGE",NEW DELHI,,,110037,,,,,,https://www.reliancedigital.in/locateus,,,,,,,,,
,TV,Consumer Electronics,,RELIANCE DIGITAL,,"7536 59 GF 
MALL ROADGTB NAGAR",,NEW DELHI,,,110009,,,,,,https://www.reliancedigital.in/locateus,,,,,,,,,
,TV,Consumer Electronics,,RELIANCE DIGITAL,,"7542 RZ 506 C 
RAJNAGAR PALAM COLONY",,NEW DELHI,,,110045,,,,,,https://www.reliancedigital.in/locateus,,,,,,,,,
,TV,Consumer Electronics,,RELIANCE DIGITAL,,"7547 7683 SABZIMANDI 
CLOCK TOWER",,NEW DELHI,,,110007,,,,,,https://www.reliancedigital.in/locateus,,,,,,,,,
,TV,Consumer Electronics,,RELIANCE DIGITAL,,"7554 B 38 SHANKRACHARYA ROAD SSRANA MARG 
ADARSH NAGAR",,NEW DELHI,,,110033,,,,,,https://www.reliancedigital.in/locateus,,,,,,,,,
,TV,Consumer Electronics,,RELIANCE DIGITAL,,"7556 G 18 SHOP NO 2
DILSHAD COLONY",,NEW DELHI,,,110095,,,,,,https://www.reliancedigital.in/locateus,,,,,,,,,
,TV,Consumer Electronics,,RELIANCE DIGITAL,,"7559 6 2 MOTI NAGARMAIN MKT 
MOTI NAGAR",,NEW DELHI,,,110015,,,,,,https://www.reliancedigital.in/locateus,,,,,,,,,
,TV,Consumer Electronics,,RELIANCE DIGITAL,,"7562 9283WEST ROHTASNGR MAIN
BABARPUR RD",,NEW DELHI,,,110032,,,,,,https://www.reliancedigital.in/locateus,,,,,,,,,
,TV,Consumer Electronics,,RELIANCE DIGITAL,,"8458 6 14 
AGEETA COLONY",,NEW DELHI,,,110031,,,,,,https://www.reliancedigital.in/locateus,,,,,,,,,
,TV,Consumer Electronics,,RELIANCE DIGITAL,,"8460 G 4 AND G 27AGGARWAL CITY PLAZAPLOT NUMBER  17 
MANGALAM PLACE SEC 3 ROHINI 3",,NEW DELHI,,,100085,,,,,,https://www.reliancedigital.in/locateus,,,,,,,,,
,TV,Consumer Electronics,,RELIANCE DIGITAL,,"8461 B 89 A 1
GR FLR KALKA JEE",,NEW DELHI,,,110019,,,,,,https://www.reliancedigital.in/locateus,,,,,,,,,
,TV,Consumer Electronics,,RELIANCE DIGITAL,,"8463 B 1 153 
MAIN RDNEW KONDLI",,NEW DELHI,,,110096,,,,,,https://www.reliancedigital.in/locateus,,,,,,,,,
,TV,Consumer Electronics,,RELIANCE DIGITAL,,"8753 6 58 STREET NO3 
VISHWAS NAGAR",,NEW DELHI,,,110032,,,,,,https://www.reliancedigital.in/locateus,,,,,,,,,
,TV,Consumer Electronics,,RELIANCE DIGITAL,,"8790C 1 137
JANAKPURI",,NEW DELHI,,,110027,,,,,,https://www.reliancedigital.in/locateus,,,,,,,,,
,TV,Consumer Electronics,,RELIANCE DIGITAL,,"8794 123 124GR 
FLR SATYA NIKETAN",,NEW DELHI,,,110021,,,,,,https://www.reliancedigital.in/locateus,,,,,,,,,
,TV,Consumer Electronics,,RELIANCE DIGITAL,,"8795 C6 239 
YAMUNAVIHAR",,NEW DELHI,,,110053,,,,,,https://www.reliancedigital.in/locateus,,,,,,,,,
,TV,Consumer Electronics,,RELIANCE DIGITAL,,"8796 61 3 CENTRAL RDBHOGAL 
JANGPURA",,NEW DELHI,,,110014,,,,,,https://www.reliancedigital.in/locateus,,,,,,,,,
,TV,Consumer Electronics,,RELIANCE DIGITAL,,"8992F 3 29 
KRISHNANAGAR",,NEW DELHI,,,110051,,,,,,https://www.reliancedigital.in/locateus,,,,,,,,,
,TV,Consumer Electronics,,RELIANCE DIGITAL,,"8993 WA 84 
SHAKARPUR",,NEW DELHI,,,110092,,,,,,https://www.reliancedigital.in/locateus,,,,,,,,,
,TV,Consumer Electronics,,RELIANCE DIGITAL,,"8994 K1 81  
C R PARK",,NEW DELHI,,,110019,,,,,,https://www.reliancedigital.in/locateus,,,,,,,,,
,TV,Consumer Electronics,,RELIANCE DIGITAL,,"8995F 37 GROUND FOORMIL
AP NAGAR UTTAMNAGAR",,NEW DELHI,,,110059,,,,,,https://www.reliancedigital.in/locateus,,,,,,,,,
,TV,Consumer Electronics,,RELIANCE DIGITAL,,"8996 SHOP NUMBER 1
PANDAV NAGAR",,NEW DELHI,,,110092,,,,,,https://www.reliancedigital.in/locateus,,,,,,,,,
,TV,Consumer Electronics,,RELIANCE DIGITAL,,"8997 G 11 B 2 
SHIVAMHOUSE COMMERCIALCOMPLEX KARAMPURA",,NEW DELHI,,,110015,,,,,,https://www.reliancedigital.in/locateus,,,,,,,,,
,TV,Consumer Electronics,,RELIANCE DIGITAL,,"PLOT NO A 2 3RD FLRGREAT INDIA PLACESECTOR 38 A 
ADJACENT TO AMUSEMENT PARK",,NOIDA,,Uttar Pradesh,201301,,,,,,https://www.reliancedigital.in/locateus,,,,,,,,,
,TV,Consumer Electronics,,RELIANCE DIGITAL,,"8677 SHOP NOS G43G46A 
PLOT NOS 1ANSAL PLAZA GREATER",,NOIDA,,Uttar Pradesh,201306,,,,,,https://www.reliancedigital.in/locateus,,,,,,,,,
,TV,Consumer Electronics,,RELIANCE DIGITAL,,"8696 D X PRESS SEC63GF OF PROPERTY
 NO 25BLOCK H 1A SEC 63",,NOIDA,,Uttar Pradesh,201307,,,,,,https://www.reliancedigital.in/locateus,,,,,,,,,
,TV,Consumer Electronics,,RELIANCE DIGITAL,,"8671 PLOT NO968 998969 971 970 THANA NO11  
MADHURI CHANDRA COMPLEX  KHAJPURA BAILEY ROAD",,PATNA,,,800014,,,,,,https://www.reliancedigital.in/locateus,,,,,,,,,
,TV,Consumer Electronics,,RELIANCE DIGITAL,,"MANHAR HOUSE 
NEARSAIBABA MANDIR PUNESATARA RD"," MANHAR HOUSE 
NEARSAIBABA MANDIR PUNESATARA RD",PUNE,,Maharashtra,411037,,,,,,https://www.reliancedigital.in/locateus,,,,,,,,,
,TV,Consumer Electronics,,RELIANCE DIGITAL,,"20 6 2 3 SPARSHPLAZA HINJEWADI MAINROAD 
OPP HP PETROL PUMP NEXT TO MARRIOT COURTYARD HINJEWADI"," 20 6 2 3 SPARSHPLAZA HINJEWADI MAINROAD 
OPP HP PETROL PUMP NEXT TO MARRIOT COURTYARD HINJEWADI",PUNE,,Maharashtra,411057,,,,,,https://www.reliancedigital.in/locateus,,,,,,,,,
,TV,Consumer Electronics,,RELIANCE DIGITAL,,"R DECCAN MALL FF ANDSF MALL 
DECCANGYMKHANA JM RD DECCAN",,PUNE,,Maharashtra,411004,,,,,,https://www.reliancedigital.in/locateus,,,,,,,,,
,TV,Consumer Electronics,,RELIANCE DIGITAL,,"KUMAR PACIFIC MALLS 1 AND S 2
 2ND FLRSHANKAR SETH RD",,PUNE,,Maharashtra,411042,,,,,,https://www.reliancedigital.in/locateus,,,,,,,,,
,TV,Consumer Electronics,,RELIANCE DIGITAL,,"8721 SURVEY NO 8HISSA NO 2B 2CKHARADI 
HAVELI ALMONTE VILLAGE",,PUNE,,Maharashtra,410201,,,,,,https://www.reliancedigital.in/locateus,,,,,,,,,
,TV,Consumer Electronics,,RELIANCE DIGITAL,,"RDRL KPCT PUNE STORESHOP C & D 
NO 26 2728 WING B GRD AND 1ST FLR KPCT FATIMA NAGAR",,PUNE,,Maharashtra,411040,,,,,,https://www.reliancedigital.in/locateus,,,,,,,,,
,TV,Consumer Electronics,,RELIANCE DIGITAL,,"AHMEDANAGAR ROADSTORE FF 33 34 35
PHOENIX MARKET CITY NAGAR ROAD VIMAN NAGAR",,PUNE,,Maharashtra,411014,,,,,,https://www.reliancedigital.in/locateus,,,,,,,,,
,TV,Consumer Electronics,,RELIANCE DIGITAL,,"AMANORA TOWN CENTREMALL VILLAGE SADESATARA 
NAIL 17 HADAPSAR TALUKA HAVELI",,PUNE,,Maharashtra,411028,,,,,,https://www.reliancedigital.in/locateus,,,,,,,,,
,TV,Consumer Electronics,,RELIANCE DIGITAL,,"PLOT NO 1 2 SURVEYNO 131 1 2 SOLITAIREMALL ITI ROAD 
SANEWADI OPP RELIANCE FOOT PRINT"," PLOT NO 1 2 SURVEYNO 131 1 2 SOLITAIREMALL ITI ROAD 
SANEWADI OPP RELIANCE FOOT PRINT",PUNE,,Maharashtra,411007,,,,,,https://www.reliancedigital.in/locateus,,,,,,,,,
,TV,Consumer Electronics,,RELIANCE DIGITAL,,"SHOP NO G 3 UPPERGROUND 
FLOORMILLLENIUM PLAZA FC ROAD",,PUNE,,Maharashtra,411005,,,,,,https://www.reliancedigital.in/locateus,,,,,,,,,
,TV,Consumer Electronics,,RELIANCE DIGITAL,,"8698LGF SHOP NO 231CAMP 
MOLEDINA ROAD",,PUNE,,Maharashtra,411001,,,,,,https://www.reliancedigital.in/locateus,,,,,,,,,
,TV,Consumer Electronics,,RELIANCE DIGITAL,,"7504  DX MINIGEETAI SANKULPAUD RD PUNE 129 GEETAI SANKUL 
PAUD ROAD IDEAL COLONY",,PUNE,,Maharashtra,411038,,,,,,https://www.reliancedigital.in/locateus,,,,,,,,,
,TV,Consumer Electronics,,RELIANCE DIGITAL,,"7512  SHOP NO 3NITYANAND HOUSINGSOCIETY  
BALAJI NAGAR  NEAR SIDDHARTH ELECTRONICS"," 7512  SHOP NO 3NITYANAND HOUSINGSOCIETY  
BALAJI NAGAR  NEAR SIDDHARTH ELECTRONICS",PUNE,,Maharashtra,411043,,,,,,https://www.reliancedigital.in/locateus,,,,,,,,,
,TV,Consumer Electronics,,RELIANCE DIGITAL,,"7519 PLOT NO 14S NO 88 4
GUJRATH COLONY KOTHRUD",,PUNE,,Maharashtra,411029,,,,,,https://www.reliancedigital.in/locateus,,,,,,,,,
,TV,Consumer Electronics,,RELIANCE DIGITAL,,"7521 SHOP NO 3MENKUDLE HEIGHTS 469 SAGAR PARK VADGAON SHERI
 CHANDAN NAGAR",,PUNE,,Maharashtra,411014,,,,,,https://www.reliancedigital.in/locateus,,,,,,,,,
,TV,Consumer Electronics,,RELIANCE DIGITAL,,"7550 RBS ATM SHOP NO34 GROUND 
FLOORSACRED HEART TOWN WANWADI",,PUNE,,Maharashtra,411040,,,,,,https://www.reliancedigital.in/locateus,,,,,,,,,
,TV,Consumer Electronics,,RELIANCE DIGITAL,,"7561 SHOP NO 1SAIKRUPA APARTMENT
BHANDARKAR ROAD",,PUNE,,Maharashtra,411040,,,,,,https://www.reliancedigital.in/locateus,,,,,,,,,
,TV,Consumer Electronics,,RELIANCE DIGITAL,,"7589 SHOP NO 12SHANTI 
NIKETANMAGARPATTA ROAD",,PUNE,,Maharashtra,411028,,,,,,https://www.reliancedigital.in/locateus,,,,,,,,,
,TV,Consumer Electronics,,RELIANCE DIGITAL,,"7593 SHOP NO 8 & 9KUNDAN VIHAR PLOT NO12 CTS NO 3224
BIBEWADI",,PUNE,,Maharashtra,411037,,,,,,https://www.reliancedigital.in/locateus,,,,,,,,,
,TV,Consumer Electronics,,RELIANCE DIGITAL,,"7598 SHOP NO3 EIFFELSQUARE 
TILAK ROAD",,PUNE,,Maharashtra,411030,,,,,,https://www.reliancedigital.in/locateus,,,,,,,,,
,TV,Consumer Electronics,,RELIANCE DIGITAL,,"7599 SHOP NO 1DARSHAN NAGARI SOCSOCIETY 
LINK ROAD CHINCHWAD",,PUNE,,Maharashtra,411033,,,,,,https://www.reliancedigital.in/locateus,,,,,,,,,
,TV,Consumer Electronics,,RELIANCE DIGITAL,,"7601 SHOP NO 3PARMAR PAWAN 
KONDHWAROAD KONDHWA",,PUNE,,Maharashtra,411048,,,,,,https://www.reliancedigital.in/locateus,,,,,,,,,
,TV,Consumer Electronics,,RELIANCE DIGITAL,,"8682 RDRL CHHATTISGARH CITY CENTER 
OPPPF OFFICE PANDRI MARKET"," 8682 RDRL CHHATTISGARH CITY CENTER 
OPPPF OFFICE PANDRI MARKET",RAIPUR,,,492001,,,,,,https://www.reliancedigital.in/locateus,,,,,,,,,
,TV,Consumer Electronics,,RELIANCE DIGITAL,,"8681 ANCHOR STOREUNIT NO 2 
MAGNETOMALL LABHANDI GE ROAD NH 6",,RAIPUR,,,492001,,,,,,https://www.reliancedigital.in/locateus,,,,,,,,,
,TV,Consumer Electronics,,RELIANCE DIGITAL,,"8962 RDRL STATION RDRAJAHMUNDRY MULTIFUNCTIONAL COMPLEX RAJAHMUNDRY EAST
 RAJAHMUNDRY STATION ALCOT GARDENS OPP SAI BABA TEMPLE BESIDES RAILWAY PARCEL OFFICE"," 8962 RDRL STATION RDRAJAHMUNDRY MULTIFUNCTIONAL COMPLEX RAJAHMUNDRY EAST
 RAJAHMUNDRY STATION ALCOT GARDENS OPP SAI BABA TEMPLE BESIDES RAILWAY PARCEL OFFICE",Rajahmundry,,Andhra Pradesh,533102,,,,,,https://www.reliancedigital.in/locateus,,,,,,,,,
,TV,Consumer Electronics,,RELIANCE DIGITAL,,"SFC MEGA MALL B LGFAND 
UGF CITY POSTMG RD",,SANGLI,,Maharashtra,416416,,,,,,https://www.reliancedigital.in/locateus,,,,,,,,,
,TV,Consumer Electronics,,RELIANCE DIGITAL,,"8474 DX MINIWEST MAREDPALLYSECUNDRABAD  MUNICIPAL NO 3 6 202AND 205 
BOOSAREDDYGUDA  WEST MAREDPALLY",,SECUNDERABAD,,,500026,,,,,,https://www.reliancedigital.in/locateus,,,,,,,,,
,TV,Consumer Electronics,,RELIANCE DIGITAL,,"8975 MARBANIANGPROPERTY ADJACENTTO MUDA 
MULTI LEVEL PARKING LOT POLICE POINT POLICE BAZAAR",,SHILLONG,,,793001,,,,,,https://www.reliancedigital.in/locateus,,,,,,,,,
,TV,Consumer Electronics,,RELIANCE DIGITAL,,"ANCHOR SHOP B OPPNEW APMC 
MARKETKALYAN SHEEL RD KALYAN W"," ANCHOR SHOP B OPPNEW APMC 
MARKETKALYAN SHEEL RD KALYAN W",THANE,,Maharashtra,421306,,,,,,https://www.reliancedigital.in/locateus,,,,,,,,,
,TV,Consumer Electronics,,RELIANCE DIGITAL,,"MAHARAJA HALL KALYANAMBERNATH 
RDELECTRONICS MARKET ULHASNAGAR",,THANE,,Maharashtra,421003,,,,,,https://www.reliancedigital.in/locateus,,,,,,,,,
,TV,Consumer Electronics,,RELIANCE DIGITAL,,"GHODBUNDER ROAD 
NRCINE WONDER MALL",,THANE,,Maharashtra,400604,,,,,,https://www.reliancedigital.in/locateus,,,,,,,,,
,TV,Consumer Electronics,,RELIANCE DIGITAL,,"KORUM MALL 4545 GRDFLR MANGAL 
PANDEMARG",,THANE,,Maharashtra,400604,,,,,,https://www.reliancedigital.in/locateus,,,,,,,,,
,TV,Consumer Electronics,,RELIANCE DIGITAL,,"4TH FLR MAXUS MALLSHREE 
VALLABHACHARAYAJI MARG BHAYANDER WEST",,THANE,,Maharashtra,401101,,,,,,https://www.reliancedigital.in/locateus,,,,,,,,,
,TV,Consumer Electronics,,RELIANCE DIGITAL,,"ISTORE BY RELIANCEDIGITAL MU SM GMU1374543 
SHOP NO G 2 GRD FLR KORUM MALL NEAR CADBURY COMPOUND OFF EASTERN EXPRESS HIGHWAY THANE W"," ISTORE BY RELIANCEDIGITAL MU SM GMU1374543 
SHOP NO G 2 GRD FLR KORUM MALL NEAR CADBURY COMPOUND OFF EASTERN EXPRESS HIGHWAY THANE W",THANE,,Maharashtra,400601,,,,,,https://www.reliancedigital.in/locateus,,,,,,,,,
,TV,Consumer Electronics,,RELIANCE DIGITAL,,"TODAYS PHOTOS  SHOPNO 10  GROUND FLOORRANE 
BHAVAN KOPARI STATION ROAD THANE EAST",,THANE,,Maharashtra,400603,,,,,,https://www.reliancedigital.in/locateus,,,,,,,,,
,TV,Consumer Electronics,,RELIANCE DIGITAL,,"8690 ABHI TOWERS NRTIRUMALA 
RESIDENCYRENIGUNTA ROAD",,TIRUPATI,,Andhra Pradesh,517501,,,,,,https://www.reliancedigital.in/locateus,,,,,,,,,
,TV,Consumer Electronics,,RELIANCE DIGITAL,,"8980 41 VELANESPLANADE 
KANGAYAMRD",,TIRUPUR,,,641604,,,,,,https://www.reliancedigital.in/locateus,,,,,,,,,
,TV,Consumer Electronics,,RELIANCE DIGITAL,,"GRAND MALL MG RDWEST 
FORT POOTHOLE",,TRICHUR,,,680004,,,,,,https://www.reliancedigital.in/locateus,,,,,,,,,
,TV,Consumer Electronics,,RELIANCE DIGITAL,,"7763 XXV 297NEAR
K K BAKERYSOUTHJUNCTIONCHALAKUDY"," 7763 XXV 297NEAR
K K BAKERYSOUTHJUNCTIONCHALAKUDY",TRICHUR,,,680307,,,,,,https://www.reliancedigital.in/locateus,,,,,,,,,
,TV,Consumer Electronics,,RELIANCE DIGITAL,,"7764 E P BUILDINGNO VI 302MAIN ROAD
TANA TO BUS STAND ROADIRINJALAKUDA",,TRICHUR,,,680121,,,,,,https://www.reliancedigital.in/locateus,,,,,,,,,
,TV,Consumer Electronics,,RELIANCE DIGITAL,,"7707 NARAYANANILAYAM BLDG NOTC 40 1523 2 MANACAUD JUNCTIONMANACAUD 
 P O TRIVANDRUM",,TRIVANDRUM,,,695009,,,,,,https://www.reliancedigital.in/locateus,,,,,,,,,
,TV,Consumer Electronics,,RELIANCE DIGITAL,,"7708 MUDUMBIL TOWERSBLDG NO TC 11 1971 2
PLAMOOD JUNCTIONPATTOM P O",,TRIVANDRUM,,,695004,,,,,,https://www.reliancedigital.in/locateus,,,,,,,,,
,TV,Consumer Electronics,,RELIANCE DIGITAL,,"8729PID NO 17 2 2 13SITUATED 
AT K R EXTNB H ROAD",,TUMKUR,,Karnataka,572101,,,,,,https://www.reliancedigital.in/locateus,,,,,,,,,
,TV,Consumer Electronics,,RELIANCE DIGITAL,,"8701FF & SF UNIT NO1 13 & 2 13CELEBRATION MALL 
NH 8 OPP DEVENDRA DHAM BHUWANA"," 8701FF & SF UNIT NO1 13 & 2 13CELEBRATION MALL 
NH 8 OPP DEVENDRA DHAM BHUWANA",UDAIPUR,,Tripura,313004,,,,,,https://www.reliancedigital.in/locateus,,,,,,,,,
,TV,Consumer Electronics,,RELIANCE DIGITAL,,"TREASURE BAZAARLG 02 01C DHANVANTRICHIKITSA KENDRA YOGYNA NANAKHEDA
KENDRA YOGYNA NANAKHEDA",,UJJAIN,,Madhya Pradesh,456010,,,,,,https://www.reliancedigital.in/locateus,,,,,,,,,
,TV,Consumer Electronics,,RELIANCE DIGITAL,,"8645 HOP NO 12 GRDFLOOR 
CENTRE SQUAREMALL SARABHAI CIRCLE",,VADODARA,,Gujarat,390001,,,,,,https://www.reliancedigital.in/locateus,,,,,,,,,
,TV,Consumer Electronics,,RELIANCE DIGITAL,,"8743 UNIT NO  DEPARTDEPARTMENT STOREANCHOR 2 ON FIRST FLOOR INORBIT MALL VADODARA ALEMBIC SURVEY
 NO  100 GURWA ROAD OPP ALEMBIC SCHOOL NEXT TO GUNJAN TOWER PETROL PUMP"," 8743 UNIT NO  DEPARTDEPARTMENT STOREANCHOR 2 ON FIRST FLOOR INORBIT MALL VADODARA ALEMBIC SURVEY
 NO  100 GURWA ROAD OPP ALEMBIC SCHOOL NEXT TO GUNJAN TOWER PETROL PUMP",VADODARA,,Gujarat,390016,,,,,,https://www.reliancedigital.in/locateus,,,,,,,,,
,TV,Consumer Electronics,,RELIANCE DIGITAL,,"DOOR NO 40 1 146 ALEPL CENTRO MALL 
OPP MURALI FORTUNE HOTEL M G ROAD LABBIPET"," DOOR NO 40 1 146 ALEPL CENTRO MALL 
OPP MURALI FORTUNE HOTEL M G ROAD LABBIPET",VIJAYAWADA,,Andhra Pradesh,520010,,,,,,https://www.reliancedigital.in/locateus,,,,,,,,,
,TV,Consumer Electronics,,RELIANCE DIGITAL,,"DOOR NO 73 1 10 1 &13 OPP DURGAMAHALM 
G ROAD PATAMATA"," DOOR NO 73 1 10 1 &13 OPP DURGAMAHALM 
G ROAD PATAMATA",VIJAYAWADA,,Andhra Pradesh,520010,,,,,,https://www.reliancedigital.in/locateus,,,,,,,,,
,TV,Consumer Electronics,,RELIANCE DIGITAL,,"RELIANCE DIGITAL RETAIL LTD CMP CENTRALVIZAG 4404 1ST FLR CMR CENTRAL 
D NO 52 1 35 36 38 NEW RESAPUVANI PALEM MADDILAPALEM",,VISHAKAPATNAM,,,530013,,,,,,https://www.reliancedigital.in/locateus,,,,,,,,,
,TV,Consumer Electronics,,RELIANCE DIGITAL,,"8674 GF SHOP NOS 1118 47 52 FF SHOP 
NOS11 18 JAKOTIA COMPLEX POCHAMMAIDAN  MG ROAD",,WARANGAL,,Telangana,506002,,,,,,https://www.reliancedigital.in/locateus,,,,,,,,,
